[2025-10-22 21:57:36] local.ERROR: Class "Google\Client" not found {"userId":"4","exception":"[object] (Error(code: 0): Class \"Google\\Client\" not found at C:\\AUTRES\\ALL WORKSPACE\\CODE~UNIVERSE\\VSC WORKSPACE\\PROJECTS\\GESCOM\\WEBSITE\\GESCOM_LARAVEL_FireBaseXDrive\\app\\Services\\GoogleDriveService.php:27)
[stacktrace]
#0 C:\\AUTRES\\ALL WORKSPACE\\CODE~UNIVERSE\\VSC WORKSPACE\\PROJECTS\\GESCOM\\WEBSITE\\GESCOM_LARAVEL_FireBaseXDrive\\app\\Services\\GoogleDriveService.php(19): App\\Services\\GoogleDriveService->initializeDriveService()
#1 [internal function]: App\\Services\\GoogleDriveService->__construct()
#2 C:\\AUTRES\\ALL WORKSPACE\\CODE~UNIVERSE\\VSC WORKSPACE\\PROJECTS\\GESCOM\\WEBSITE\\GESCOM_LARAVEL_FireBaseXDrive\\vendor\\laravel\\framework\\src\\Illuminate\\Container\\Container.php(1211): ReflectionClass->newInstanceArgs(Array)
#3 C:\\AUTRES\\ALL WORKSPACE\\CODE~UNIVERSE\\VSC WORKSPACE\\PROJECTS\\GESCOM\\WEBSITE\\GESCOM_LARAVEL_FireBaseXDrive\\vendor\\laravel\\framework\\src\\Illuminate\\Container\\Container.php(972): Illuminate\\Container\\Container->build('App\\\\Services\\\\Go...')
#4 C:\\AUTRES\\ALL WORKSPACE\\CODE~UNIVERSE\\VSC WORKSPACE\\PROJECTS\\GESCOM\\WEBSITE\\GESCOM_LARAVEL_FireBaseXDrive\\vendor\\laravel\\framework\\src\\Illuminate\\Foundation\\Application.php(1078): Illuminate\\Container\\Container->resolve('App\\\\Services\\\\Go...', Array, true)
#5 C:\\AUTRES\\ALL WORKSPACE\\CODE~UNIVERSE\\VSC WORKSPACE\\PROJECTS\\GESCOM\\WEBSITE\\GESCOM_LARAVEL_FireBaseXDrive\\vendor\\laravel\\framework\\src\\Illuminate\\Container\\Container.php(903): Illuminate\\Foundation\\Application->resolve('App\\\\Services\\\\Go...', Array)
#6 C:\\AUTRES\\ALL WORKSPACE\\CODE~UNIVERSE\\VSC WORKSPACE\\PROJECTS\\GESCOM\\WEBSITE\\GESCOM_LARAVEL_FireBaseXDrive\\vendor\\laravel\\framework\\src\\Illuminate\\Foundation\\Application.php(1058): Illuminate\\Container\\Container->make('App\\\\Services\\\\Go...', Array)
#7 C:\\AUTRES\\ALL WORKSPACE\\CODE~UNIVERSE\\VSC WORKSPACE\\PROJECTS\\GESCOM\\WEBSITE\\GESCOM_LARAVEL_FireBaseXDrive\\vendor\\laravel\\framework\\src\\Illuminate\\Container\\Container.php(1379): Illuminate\\Foundation\\Application->make('App\\\\Services\\\\Go...')
#8 C:\\AUTRES\\ALL WORKSPACE\\CODE~UNIVERSE\\VSC WORKSPACE\\PROJECTS\\GESCOM\\WEBSITE\\GESCOM_LARAVEL_FireBaseXDrive\\vendor\\laravel\\framework\\src\\Illuminate\\Container\\Container.php(1278): Illuminate\\Container\\Container->resolveClass(Object(ReflectionParameter))
#9 C:\\AUTRES\\ALL WORKSPACE\\CODE~UNIVERSE\\VSC WORKSPACE\\PROJECTS\\GESCOM\\WEBSITE\\GESCOM_LARAVEL_FireBaseXDrive\\vendor\\laravel\\framework\\src\\Illuminate\\Container\\Container.php(1201): Illuminate\\Container\\Container->resolveDependencies(Array)
#10 C:\\AUTRES\\ALL WORKSPACE\\CODE~UNIVERSE\\VSC WORKSPACE\\PROJECTS\\GESCOM\\WEBSITE\\GESCOM_LARAVEL_FireBaseXDrive\\vendor\\laravel\\framework\\src\\Illuminate\\Container\\Container.php(972): Illuminate\\Container\\Container->build('App\\\\Http\\\\Contro...')
#11 C:\\AUTRES\\ALL WORKSPACE\\CODE~UNIVERSE\\VSC WORKSPACE\\PROJECTS\\GESCOM\\WEBSITE\\GESCOM_LARAVEL_FireBaseXDrive\\vendor\\laravel\\framework\\src\\Illuminate\\Foundation\\Application.php(1078): Illuminate\\Container\\Container->resolve('App\\\\Http\\\\Contro...', Array, true)
#12 C:\\AUTRES\\ALL WORKSPACE\\CODE~UNIVERSE\\VSC WORKSPACE\\PROJECTS\\GESCOM\\WEBSITE\\GESCOM_LARAVEL_FireBaseXDrive\\vendor\\laravel\\framework\\src\\Illuminate\\Container\\Container.php(903): Illuminate\\Foundation\\Application->resolve('App\\\\Http\\\\Contro...', Array)
#13 C:\\AUTRES\\ALL WORKSPACE\\CODE~UNIVERSE\\VSC WORKSPACE\\PROJECTS\\GESCOM\\WEBSITE\\GESCOM_LARAVEL_FireBaseXDrive\\vendor\\laravel\\framework\\src\\Illuminate\\Foundation\\Application.php(1058): Illuminate\\Container\\Container->make('App\\\\Http\\\\Contro...', Array)
#14 C:\\AUTRES\\ALL WORKSPACE\\CODE~UNIVERSE\\VSC WORKSPACE\\PROJECTS\\GESCOM\\WEBSITE\\GESCOM_LARAVEL_FireBaseXDrive\\vendor\\laravel\\framework\\src\\Illuminate\\Routing\\Route.php(286): Illuminate\\Foundation\\Application->make('App\\\\Http\\\\Contro...')
#15 C:\\AUTRES\\ALL WORKSPACE\\CODE~UNIVERSE\\VSC WORKSPACE\\PROJECTS\\GESCOM\\WEBSITE\\GESCOM_LARAVEL_FireBaseXDrive\\vendor\\laravel\\framework\\src\\Illuminate\\Routing\\Route.php(266): Illuminate\\Routing\\Route->getController()
#16 C:\\AUTRES\\ALL WORKSPACE\\CODE~UNIVERSE\\VSC WORKSPACE\\PROJECTS\\GESCOM\\WEBSITE\\GESCOM_LARAVEL_FireBaseXDrive\\vendor\\laravel\\framework\\src\\Illuminate\\Routing\\Route.php(211): Illuminate\\Routing\\Route->runController()
#17 C:\\AUTRES\\ALL WORKSPACE\\CODE~UNIVERSE\\VSC WORKSPACE\\PROJECTS\\GESCOM\\WEBSITE\\GESCOM_LARAVEL_FireBaseXDrive\\vendor\\laravel\\framework\\src\\Illuminate\\Routing\\Router.php(822): Illuminate\\Routing\\Route->run()
#18 C:\\AUTRES\\ALL WORKSPACE\\CODE~UNIVERSE\\VSC WORKSPACE\\PROJECTS\\GESCOM\\WEBSITE\\GESCOM_LARAVEL_FireBaseXDrive\\vendor\\laravel\\framework\\src\\Illuminate\\Pipeline\\Pipeline.php(180): Illuminate\\Routing\\Router->Illuminate\\Routing\\{closure}(Object(Illuminate\\Http\\Request))
#19 C:\\AUTRES\\ALL WORKSPACE\\CODE~UNIVERSE\\VSC WORKSPACE\\PROJECTS\\GESCOM\\WEBSITE\\GESCOM_LARAVEL_FireBaseXDrive\\app\\Http\\Middleware\\FirebaseTokenMiddleware.php(46): Illuminate\\Pipeline\\Pipeline->Illuminate\\Pipeline\\{closure}(Object(Illuminate\\Http\\Request))
#20 C:\\AUTRES\\ALL WORKSPACE\\CODE~UNIVERSE\\VSC WORKSPACE\\PROJECTS\\GESCOM\\WEBSITE\\GESCOM_LARAVEL_FireBaseXDrive\\vendor\\laravel\\framework\\src\\Illuminate\\Pipeline\\Pipeline.php(219): App\\Http\\Middleware\\FirebaseTokenMiddleware->handle(Object(Illuminate\\Http\\Request), Object(Closure))
#21 C:\\AUTRES\\ALL WORKSPACE\\CODE~UNIVERSE\\VSC WORKSPACE\\PROJECTS\\GESCOM\\WEBSITE\\GESCOM_LARAVEL_FireBaseXDrive\\vendor\\laravel\\framework\\src\\Illuminate\\Routing\\Middleware\\SubstituteBindings.php(50): Illuminate\\Pipeline\\Pipeline->Illuminate\\Pipeline\\{closure}(Object(Illuminate\\Http\\Request))
#22 C:\\AUTRES\\ALL WORKSPACE\\CODE~UNIVERSE\\VSC WORKSPACE\\PROJECTS\\GESCOM\\WEBSITE\\GESCOM_LARAVEL_FireBaseXDrive\\vendor\\laravel\\framework\\src\\Illuminate\\Pipeline\\Pipeline.php(219): Illuminate\\Routing\\Middleware\\SubstituteBindings->handle(Object(Illuminate\\Http\\Request), Object(Closure))
#23 C:\\AUTRES\\ALL WORKSPACE\\CODE~UNIVERSE\\VSC WORKSPACE\\PROJECTS\\GESCOM\\WEBSITE\\GESCOM_LARAVEL_FireBaseXDrive\\vendor\\laravel\\framework\\src\\Illuminate\\Pipeline\\Pipeline.php(137): Illuminate\\Pipeline\\Pipeline->Illuminate\\Pipeline\\{closure}(Object(Illuminate\\Http\\Request))
#24 C:\\AUTRES\\ALL WORKSPACE\\CODE~UNIVERSE\\VSC WORKSPACE\\PROJECTS\\GESCOM\\WEBSITE\\GESCOM_LARAVEL_FireBaseXDrive\\vendor\\laravel\\framework\\src\\Illuminate\\Routing\\Router.php(821): Illuminate\\Pipeline\\Pipeline->then(Object(Closure))
#25 C:\\AUTRES\\ALL WORKSPACE\\CODE~UNIVERSE\\VSC WORKSPACE\\PROJECTS\\GESCOM\\WEBSITE\\GESCOM_LARAVEL_FireBaseXDrive\\vendor\\laravel\\framework\\src\\Illuminate\\Routing\\Router.php(800): Illuminate\\Routing\\Router->runRouteWithinStack(Object(Illuminate\\Routing\\Route), Object(Illuminate\\Http\\Request))
#26 C:\\AUTRES\\ALL WORKSPACE\\CODE~UNIVERSE\\VSC WORKSPACE\\PROJECTS\\GESCOM\\WEBSITE\\GESCOM_LARAVEL_FireBaseXDrive\\vendor\\laravel\\framework\\src\\Illuminate\\Routing\\Router.php(764): Illuminate\\Routing\\Router->runRoute(Object(Illuminate\\Http\\Request), Object(Illuminate\\Routing\\Route))
#27 C:\\AUTRES\\ALL WORKSPACE\\CODE~UNIVERSE\\VSC WORKSPACE\\PROJECTS\\GESCOM\\WEBSITE\\GESCOM_LARAVEL_FireBaseXDrive\\vendor\\laravel\\framework\\src\\Illuminate\\Routing\\Router.php(753): Illuminate\\Routing\\Router->dispatchToRoute(Object(Illuminate\\Http\\Request))
#28 C:\\AUTRES\\ALL WORKSPACE\\CODE~UNIVERSE\\VSC WORKSPACE\\PROJECTS\\GESCOM\\WEBSITE\\GESCOM_LARAVEL_FireBaseXDrive\\vendor\\laravel\\framework\\src\\Illuminate\\Foundation\\Http\\Kernel.php(200): Illuminate\\Routing\\Router->dispatch(Object(Illuminate\\Http\\Request))
#29 C:\\AUTRES\\ALL WORKSPACE\\CODE~UNIVERSE\\VSC WORKSPACE\\PROJECTS\\GESCOM\\WEBSITE\\GESCOM_LARAVEL_FireBaseXDrive\\vendor\\laravel\\framework\\src\\Illuminate\\Pipeline\\Pipeline.php(180): Illuminate\\Foundation\\Http\\Kernel->Illuminate\\Foundation\\Http\\{closure}(Object(Illuminate\\Http\\Request))
#30 C:\\AUTRES\\ALL WORKSPACE\\CODE~UNIVERSE\\VSC WORKSPACE\\PROJECTS\\GESCOM\\WEBSITE\\GESCOM_LARAVEL_FireBaseXDrive\\vendor\\laravel\\framework\\src\\Illuminate\\Foundation\\Http\\Middleware\\TransformsRequest.php(21): Illuminate\\Pipeline\\Pipeline->Illuminate\\Pipeline\\{closure}(Object(Illuminate\\Http\\Request))
#31 C:\\AUTRES\\ALL WORKSPACE\\CODE~UNIVERSE\\VSC WORKSPACE\\PROJECTS\\GESCOM\\WEBSITE\\GESCOM_LARAVEL_FireBaseXDrive\\vendor\\laravel\\framework\\src\\Illuminate\\Foundation\\Http\\Middleware\\ConvertEmptyStringsToNull.php(31): Illuminate\\Foundation\\Http\\Middleware\\TransformsRequest->handle(Object(Illuminate\\Http\\Request), Object(Closure))
#32 C:\\AUTRES\\ALL WORKSPACE\\CODE~UNIVERSE\\VSC WORKSPACE\\PROJECTS\\GESCOM\\WEBSITE\\GESCOM_LARAVEL_FireBaseXDrive\\vendor\\laravel\\framework\\src\\Illuminate\\Pipeline\\Pipeline.php(219): Illuminate\\Foundation\\Http\\Middleware\\ConvertEmptyStringsToNull->handle(Object(Illuminate\\Http\\Request), Object(Closure))
#33 C:\\AUTRES\\ALL WORKSPACE\\CODE~UNIVERSE\\VSC WORKSPACE\\PROJECTS\\GESCOM\\WEBSITE\\GESCOM_LARAVEL_FireBaseXDrive\\vendor\\laravel\\framework\\src\\Illuminate\\Foundation\\Http\\Middleware\\TransformsRequest.php(21): Illuminate\\Pipeline\\Pipeline->Illuminate\\Pipeline\\{closure}(Object(Illuminate\\Http\\Request))
#34 C:\\AUTRES\\ALL WORKSPACE\\CODE~UNIVERSE\\VSC WORKSPACE\\PROJECTS\\GESCOM\\WEBSITE\\GESCOM_LARAVEL_FireBaseXDrive\\vendor\\laravel\\framework\\src\\Illuminate\\Foundation\\Http\\Middleware\\TrimStrings.php(51): Illuminate\\Foundation\\Http\\Middleware\\TransformsRequest->handle(Object(Illuminate\\Http\\Request), Object(Closure))
#35 C:\\AUTRES\\ALL WORKSPACE\\CODE~UNIVERSE\\VSC WORKSPACE\\PROJECTS\\GESCOM\\WEBSITE\\GESCOM_LARAVEL_FireBaseXDrive\\vendor\\laravel\\framework\\src\\Illuminate\\Pipeline\\Pipeline.php(219): Illuminate\\Foundation\\Http\\Middleware\\TrimStrings->handle(Object(Illuminate\\Http\\Request), Object(Closure))
#36 C:\\AUTRES\\ALL WORKSPACE\\CODE~UNIVERSE\\VSC WORKSPACE\\PROJECTS\\GESCOM\\WEBSITE\\GESCOM_LARAVEL_FireBaseXDrive\\vendor\\laravel\\framework\\src\\Illuminate\\Http\\Middleware\\ValidatePostSize.php(27): Illuminate\\Pipeline\\Pipeline->Illuminate\\Pipeline\\{closure}(Object(Illuminate\\Http\\Request))
#37 C:\\AUTRES\\ALL WORKSPACE\\CODE~UNIVERSE\\VSC WORKSPACE\\PROJECTS\\GESCOM\\WEBSITE\\GESCOM_LARAVEL_FireBaseXDrive\\vendor\\laravel\\framework\\src\\Illuminate\\Pipeline\\Pipeline.php(219): Illuminate\\Http\\Middleware\\ValidatePostSize->handle(Object(Illuminate\\Http\\Request), Object(Closure))
#38 C:\\AUTRES\\ALL WORKSPACE\\CODE~UNIVERSE\\VSC WORKSPACE\\PROJECTS\\GESCOM\\WEBSITE\\GESCOM_LARAVEL_FireBaseXDrive\\vendor\\laravel\\framework\\src\\Illuminate\\Foundation\\Http\\Middleware\\PreventRequestsDuringMaintenance.php(109): Illuminate\\Pipeline\\Pipeline->Illuminate\\Pipeline\\{closure}(Object(Illuminate\\Http\\Request))
#39 C:\\AUTRES\\ALL WORKSPACE\\CODE~UNIVERSE\\VSC WORKSPACE\\PROJECTS\\GESCOM\\WEBSITE\\GESCOM_LARAVEL_FireBaseXDrive\\vendor\\laravel\\framework\\src\\Illuminate\\Pipeline\\Pipeline.php(219): Illuminate\\Foundation\\Http\\Middleware\\PreventRequestsDuringMaintenance->handle(Object(Illuminate\\Http\\Request), Object(Closure))
#40 C:\\AUTRES\\ALL WORKSPACE\\CODE~UNIVERSE\\VSC WORKSPACE\\PROJECTS\\GESCOM\\WEBSITE\\GESCOM_LARAVEL_FireBaseXDrive\\vendor\\laravel\\framework\\src\\Illuminate\\Http\\Middleware\\HandleCors.php(61): Illuminate\\Pipeline\\Pipeline->Illuminate\\Pipeline\\{closure}(Object(Illuminate\\Http\\Request))
#41 C:\\AUTRES\\ALL WORKSPACE\\CODE~UNIVERSE\\VSC WORKSPACE\\PROJECTS\\GESCOM\\WEBSITE\\GESCOM_LARAVEL_FireBaseXDrive\\vendor\\laravel\\framework\\src\\Illuminate\\Pipeline\\Pipeline.php(219): Illuminate\\Http\\Middleware\\HandleCors->handle(Object(Illuminate\\Http\\Request), Object(Closure))
#42 C:\\AUTRES\\ALL WORKSPACE\\CODE~UNIVERSE\\VSC WORKSPACE\\PROJECTS\\GESCOM\\WEBSITE\\GESCOM_LARAVEL_FireBaseXDrive\\vendor\\laravel\\framework\\src\\Illuminate\\Http\\Middleware\\TrustProxies.php(58): Illuminate\\Pipeline\\Pipeline->Illuminate\\Pipeline\\{closure}(Object(Illuminate\\Http\\Request))
#43 C:\\AUTRES\\ALL WORKSPACE\\CODE~UNIVERSE\\VSC WORKSPACE\\PROJECTS\\GESCOM\\WEBSITE\\GESCOM_LARAVEL_FireBaseXDrive\\vendor\\laravel\\framework\\src\\Illuminate\\Pipeline\\Pipeline.php(219): Illuminate\\Http\\Middleware\\TrustProxies->handle(Object(Illuminate\\Http\\Request), Object(Closure))
#44 C:\\AUTRES\\ALL WORKSPACE\\CODE~UNIVERSE\\VSC WORKSPACE\\PROJECTS\\GESCOM\\WEBSITE\\GESCOM_LARAVEL_FireBaseXDrive\\vendor\\laravel\\framework\\src\\Illuminate\\Foundation\\Http\\Middleware\\InvokeDeferredCallbacks.php(22): Illuminate\\Pipeline\\Pipeline->Illuminate\\Pipeline\\{closure}(Object(Illuminate\\Http\\Request))
#45 C:\\AUTRES\\ALL WORKSPACE\\CODE~UNIVERSE\\VSC WORKSPACE\\PROJECTS\\GESCOM\\WEBSITE\\GESCOM_LARAVEL_FireBaseXDrive\\vendor\\laravel\\framework\\src\\Illuminate\\Pipeline\\Pipeline.php(219): Illuminate\\Foundation\\Http\\Middleware\\InvokeDeferredCallbacks->handle(Object(Illuminate\\Http\\Request), Object(Closure))
#46 C:\\AUTRES\\ALL WORKSPACE\\CODE~UNIVERSE\\VSC WORKSPACE\\PROJECTS\\GESCOM\\WEBSITE\\GESCOM_LARAVEL_FireBaseXDrive\\vendor\\laravel\\framework\\src\\Illuminate\\Http\\Middleware\\ValidatePathEncoding.php(26): Illuminate\\Pipeline\\Pipeline->Illuminate\\Pipeline\\{closure}(Object(Illuminate\\Http\\Request))
#47 C:\\AUTRES\\ALL WORKSPACE\\CODE~UNIVERSE\\VSC WORKSPACE\\PROJECTS\\GESCOM\\WEBSITE\\GESCOM_LARAVEL_FireBaseXDrive\\vendor\\laravel\\framework\\src\\Illuminate\\Pipeline\\Pipeline.php(219): Illuminate\\Http\\Middleware\\ValidatePathEncoding->handle(Object(Illuminate\\Http\\Request), Object(Closure))
#48 C:\\AUTRES\\ALL WORKSPACE\\CODE~UNIVERSE\\VSC WORKSPACE\\PROJECTS\\GESCOM\\WEBSITE\\GESCOM_LARAVEL_FireBaseXDrive\\vendor\\laravel\\framework\\src\\Illuminate\\Pipeline\\Pipeline.php(137): Illuminate\\Pipeline\\Pipeline->Illuminate\\Pipeline\\{closure}(Object(Illuminate\\Http\\Request))
#49 C:\\AUTRES\\ALL WORKSPACE\\CODE~UNIVERSE\\VSC WORKSPACE\\PROJECTS\\GESCOM\\WEBSITE\\GESCOM_LARAVEL_FireBaseXDrive\\vendor\\laravel\\framework\\src\\Illuminate\\Foundation\\Http\\Kernel.php(175): Illuminate\\Pipeline\\Pipeline->then(Object(Closure))
#50 C:\\AUTRES\\ALL WORKSPACE\\CODE~UNIVERSE\\VSC WORKSPACE\\PROJECTS\\GESCOM\\WEBSITE\\GESCOM_LARAVEL_FireBaseXDrive\\vendor\\laravel\\framework\\src\\Illuminate\\Foundation\\Http\\Kernel.php(144): Illuminate\\Foundation\\Http\\Kernel->sendRequestThroughRouter(Object(Illuminate\\Http\\Request))
#51 C:\\AUTRES\\ALL WORKSPACE\\CODE~UNIVERSE\\VSC WORKSPACE\\PROJECTS\\GESCOM\\WEBSITE\\GESCOM_LARAVEL_FireBaseXDrive\\vendor\\laravel\\framework\\src\\Illuminate\\Foundation\\Application.php(1220): Illuminate\\Foundation\\Http\\Kernel->handle(Object(Illuminate\\Http\\Request))
#52 C:\\AUTRES\\ALL WORKSPACE\\CODE~UNIVERSE\\VSC WORKSPACE\\PROJECTS\\GESCOM\\WEBSITE\\GESCOM_LARAVEL_FireBaseXDrive\\public\\index.php(20): Illuminate\\Foundation\\Application->handleRequest(Object(Illuminate\\Http\\Request))
#53 C:\\AUTRES\\ALL WORKSPACE\\CODE~UNIVERSE\\VSC WORKSPACE\\PROJECTS\\GESCOM\\WEBSITE\\GESCOM_LARAVEL_FireBaseXDrive\\vendor\\laravel\\framework\\src\\Illuminate\\Foundation\\resources\\server.php(23): require_once('C:\\\\AUTRES\\\\ALL W...')
#54 {main}
"} 
[2025-10-22 21:57:39] local.ERROR: Class "Google\Client" not found {"userId":"4","exception":"[object] (Error(code: 0): Class \"Google\\Client\" not found at C:\\AUTRES\\ALL WORKSPACE\\CODE~UNIVERSE\\VSC WORKSPACE\\PROJECTS\\GESCOM\\WEBSITE\\GESCOM_LARAVEL_FireBaseXDrive\\app\\Services\\GoogleDriveService.php:27)
[stacktrace]
#0 C:\\AUTRES\\ALL WORKSPACE\\CODE~UNIVERSE\\VSC WORKSPACE\\PROJECTS\\GESCOM\\WEBSITE\\GESCOM_LARAVEL_FireBaseXDrive\\app\\Services\\GoogleDriveService.php(19): App\\Services\\GoogleDriveService->initializeDriveService()
#1 [internal function]: App\\Services\\GoogleDriveService->__construct()
#2 C:\\AUTRES\\ALL WORKSPACE\\CODE~UNIVERSE\\VSC WORKSPACE\\PROJECTS\\GESCOM\\WEBSITE\\GESCOM_LARAVEL_FireBaseXDrive\\vendor\\laravel\\framework\\src\\Illuminate\\Container\\Container.php(1211): ReflectionClass->newInstanceArgs(Array)
#3 C:\\AUTRES\\ALL WORKSPACE\\CODE~UNIVERSE\\VSC WORKSPACE\\PROJECTS\\GESCOM\\WEBSITE\\GESCOM_LARAVEL_FireBaseXDrive\\vendor\\laravel\\framework\\src\\Illuminate\\Container\\Container.php(972): Illuminate\\Container\\Container->build('App\\\\Services\\\\Go...')
#4 C:\\AUTRES\\ALL WORKSPACE\\CODE~UNIVERSE\\VSC WORKSPACE\\PROJECTS\\GESCOM\\WEBSITE\\GESCOM_LARAVEL_FireBaseXDrive\\vendor\\laravel\\framework\\src\\Illuminate\\Foundation\\Application.php(1078): Illuminate\\Container\\Container->resolve('App\\\\Services\\\\Go...', Array, true)
#5 C:\\AUTRES\\ALL WORKSPACE\\CODE~UNIVERSE\\VSC WORKSPACE\\PROJECTS\\GESCOM\\WEBSITE\\GESCOM_LARAVEL_FireBaseXDrive\\vendor\\laravel\\framework\\src\\Illuminate\\Container\\Container.php(903): Illuminate\\Foundation\\Application->resolve('App\\\\Services\\\\Go...', Array)
#6 C:\\AUTRES\\ALL WORKSPACE\\CODE~UNIVERSE\\VSC WORKSPACE\\PROJECTS\\GESCOM\\WEBSITE\\GESCOM_LARAVEL_FireBaseXDrive\\vendor\\laravel\\framework\\src\\Illuminate\\Foundation\\Application.php(1058): Illuminate\\Container\\Container->make('App\\\\Services\\\\Go...', Array)
#7 C:\\AUTRES\\ALL WORKSPACE\\CODE~UNIVERSE\\VSC WORKSPACE\\PROJECTS\\GESCOM\\WEBSITE\\GESCOM_LARAVEL_FireBaseXDrive\\vendor\\laravel\\framework\\src\\Illuminate\\Container\\Container.php(1379): Illuminate\\Foundation\\Application->make('App\\\\Services\\\\Go...')
#8 C:\\AUTRES\\ALL WORKSPACE\\CODE~UNIVERSE\\VSC WORKSPACE\\PROJECTS\\GESCOM\\WEBSITE\\GESCOM_LARAVEL_FireBaseXDrive\\vendor\\laravel\\framework\\src\\Illuminate\\Container\\Container.php(1278): Illuminate\\Container\\Container->resolveClass(Object(ReflectionParameter))
#9 C:\\AUTRES\\ALL WORKSPACE\\CODE~UNIVERSE\\VSC WORKSPACE\\PROJECTS\\GESCOM\\WEBSITE\\GESCOM_LARAVEL_FireBaseXDrive\\vendor\\laravel\\framework\\src\\Illuminate\\Container\\Container.php(1201): Illuminate\\Container\\Container->resolveDependencies(Array)
#10 C:\\AUTRES\\ALL WORKSPACE\\CODE~UNIVERSE\\VSC WORKSPACE\\PROJECTS\\GESCOM\\WEBSITE\\GESCOM_LARAVEL_FireBaseXDrive\\vendor\\laravel\\framework\\src\\Illuminate\\Container\\Container.php(972): Illuminate\\Container\\Container->build('App\\\\Http\\\\Contro...')
#11 C:\\AUTRES\\ALL WORKSPACE\\CODE~UNIVERSE\\VSC WORKSPACE\\PROJECTS\\GESCOM\\WEBSITE\\GESCOM_LARAVEL_FireBaseXDrive\\vendor\\laravel\\framework\\src\\Illuminate\\Foundation\\Application.php(1078): Illuminate\\Container\\Container->resolve('App\\\\Http\\\\Contro...', Array, true)
#12 C:\\AUTRES\\ALL WORKSPACE\\CODE~UNIVERSE\\VSC WORKSPACE\\PROJECTS\\GESCOM\\WEBSITE\\GESCOM_LARAVEL_FireBaseXDrive\\vendor\\laravel\\framework\\src\\Illuminate\\Container\\Container.php(903): Illuminate\\Foundation\\Application->resolve('App\\\\Http\\\\Contro...', Array)
#13 C:\\AUTRES\\ALL WORKSPACE\\CODE~UNIVERSE\\VSC WORKSPACE\\PROJECTS\\GESCOM\\WEBSITE\\GESCOM_LARAVEL_FireBaseXDrive\\vendor\\laravel\\framework\\src\\Illuminate\\Foundation\\Application.php(1058): Illuminate\\Container\\Container->make('App\\\\Http\\\\Contro...', Array)
#14 C:\\AUTRES\\ALL WORKSPACE\\CODE~UNIVERSE\\VSC WORKSPACE\\PROJECTS\\GESCOM\\WEBSITE\\GESCOM_LARAVEL_FireBaseXDrive\\vendor\\laravel\\framework\\src\\Illuminate\\Routing\\Route.php(286): Illuminate\\Foundation\\Application->make('App\\\\Http\\\\Contro...')
#15 C:\\AUTRES\\ALL WORKSPACE\\CODE~UNIVERSE\\VSC WORKSPACE\\PROJECTS\\GESCOM\\WEBSITE\\GESCOM_LARAVEL_FireBaseXDrive\\vendor\\laravel\\framework\\src\\Illuminate\\Routing\\Route.php(266): Illuminate\\Routing\\Route->getController()
#16 C:\\AUTRES\\ALL WORKSPACE\\CODE~UNIVERSE\\VSC WORKSPACE\\PROJECTS\\GESCOM\\WEBSITE\\GESCOM_LARAVEL_FireBaseXDrive\\vendor\\laravel\\framework\\src\\Illuminate\\Routing\\Route.php(211): Illuminate\\Routing\\Route->runController()
#17 C:\\AUTRES\\ALL WORKSPACE\\CODE~UNIVERSE\\VSC WORKSPACE\\PROJECTS\\GESCOM\\WEBSITE\\GESCOM_LARAVEL_FireBaseXDrive\\vendor\\laravel\\framework\\src\\Illuminate\\Routing\\Router.php(822): Illuminate\\Routing\\Route->run()
#18 C:\\AUTRES\\ALL WORKSPACE\\CODE~UNIVERSE\\VSC WORKSPACE\\PROJECTS\\GESCOM\\WEBSITE\\GESCOM_LARAVEL_FireBaseXDrive\\vendor\\laravel\\framework\\src\\Illuminate\\Pipeline\\Pipeline.php(180): Illuminate\\Routing\\Router->Illuminate\\Routing\\{closure}(Object(Illuminate\\Http\\Request))
#19 C:\\AUTRES\\ALL WORKSPACE\\CODE~UNIVERSE\\VSC WORKSPACE\\PROJECTS\\GESCOM\\WEBSITE\\GESCOM_LARAVEL_FireBaseXDrive\\app\\Http\\Middleware\\FirebaseTokenMiddleware.php(46): Illuminate\\Pipeline\\Pipeline->Illuminate\\Pipeline\\{closure}(Object(Illuminate\\Http\\Request))
#20 C:\\AUTRES\\ALL WORKSPACE\\CODE~UNIVERSE\\VSC WORKSPACE\\PROJECTS\\GESCOM\\WEBSITE\\GESCOM_LARAVEL_FireBaseXDrive\\vendor\\laravel\\framework\\src\\Illuminate\\Pipeline\\Pipeline.php(219): App\\Http\\Middleware\\FirebaseTokenMiddleware->handle(Object(Illuminate\\Http\\Request), Object(Closure))
#21 C:\\AUTRES\\ALL WORKSPACE\\CODE~UNIVERSE\\VSC WORKSPACE\\PROJECTS\\GESCOM\\WEBSITE\\GESCOM_LARAVEL_FireBaseXDrive\\vendor\\laravel\\framework\\src\\Illuminate\\Routing\\Middleware\\SubstituteBindings.php(50): Illuminate\\Pipeline\\Pipeline->Illuminate\\Pipeline\\{closure}(Object(Illuminate\\Http\\Request))
#22 C:\\AUTRES\\ALL WORKSPACE\\CODE~UNIVERSE\\VSC WORKSPACE\\PROJECTS\\GESCOM\\WEBSITE\\GESCOM_LARAVEL_FireBaseXDrive\\vendor\\laravel\\framework\\src\\Illuminate\\Pipeline\\Pipeline.php(219): Illuminate\\Routing\\Middleware\\SubstituteBindings->handle(Object(Illuminate\\Http\\Request), Object(Closure))
#23 C:\\AUTRES\\ALL WORKSPACE\\CODE~UNIVERSE\\VSC WORKSPACE\\PROJECTS\\GESCOM\\WEBSITE\\GESCOM_LARAVEL_FireBaseXDrive\\vendor\\laravel\\framework\\src\\Illuminate\\Pipeline\\Pipeline.php(137): Illuminate\\Pipeline\\Pipeline->Illuminate\\Pipeline\\{closure}(Object(Illuminate\\Http\\Request))
#24 C:\\AUTRES\\ALL WORKSPACE\\CODE~UNIVERSE\\VSC WORKSPACE\\PROJECTS\\GESCOM\\WEBSITE\\GESCOM_LARAVEL_FireBaseXDrive\\vendor\\laravel\\framework\\src\\Illuminate\\Routing\\Router.php(821): Illuminate\\Pipeline\\Pipeline->then(Object(Closure))
#25 C:\\AUTRES\\ALL WORKSPACE\\CODE~UNIVERSE\\VSC WORKSPACE\\PROJECTS\\GESCOM\\WEBSITE\\GESCOM_LARAVEL_FireBaseXDrive\\vendor\\laravel\\framework\\src\\Illuminate\\Routing\\Router.php(800): Illuminate\\Routing\\Router->runRouteWithinStack(Object(Illuminate\\Routing\\Route), Object(Illuminate\\Http\\Request))
#26 C:\\AUTRES\\ALL WORKSPACE\\CODE~UNIVERSE\\VSC WORKSPACE\\PROJECTS\\GESCOM\\WEBSITE\\GESCOM_LARAVEL_FireBaseXDrive\\vendor\\laravel\\framework\\src\\Illuminate\\Routing\\Router.php(764): Illuminate\\Routing\\Router->runRoute(Object(Illuminate\\Http\\Request), Object(Illuminate\\Routing\\Route))
#27 C:\\AUTRES\\ALL WORKSPACE\\CODE~UNIVERSE\\VSC WORKSPACE\\PROJECTS\\GESCOM\\WEBSITE\\GESCOM_LARAVEL_FireBaseXDrive\\vendor\\laravel\\framework\\src\\Illuminate\\Routing\\Router.php(753): Illuminate\\Routing\\Router->dispatchToRoute(Object(Illuminate\\Http\\Request))
#28 C:\\AUTRES\\ALL WORKSPACE\\CODE~UNIVERSE\\VSC WORKSPACE\\PROJECTS\\GESCOM\\WEBSITE\\GESCOM_LARAVEL_FireBaseXDrive\\vendor\\laravel\\framework\\src\\Illuminate\\Foundation\\Http\\Kernel.php(200): Illuminate\\Routing\\Router->dispatch(Object(Illuminate\\Http\\Request))
#29 C:\\AUTRES\\ALL WORKSPACE\\CODE~UNIVERSE\\VSC WORKSPACE\\PROJECTS\\GESCOM\\WEBSITE\\GESCOM_LARAVEL_FireBaseXDrive\\vendor\\laravel\\framework\\src\\Illuminate\\Pipeline\\Pipeline.php(180): Illuminate\\Foundation\\Http\\Kernel->Illuminate\\Foundation\\Http\\{closure}(Object(Illuminate\\Http\\Request))
#30 C:\\AUTRES\\ALL WORKSPACE\\CODE~UNIVERSE\\VSC WORKSPACE\\PROJECTS\\GESCOM\\WEBSITE\\GESCOM_LARAVEL_FireBaseXDrive\\vendor\\laravel\\framework\\src\\Illuminate\\Foundation\\Http\\Middleware\\TransformsRequest.php(21): Illuminate\\Pipeline\\Pipeline->Illuminate\\Pipeline\\{closure}(Object(Illuminate\\Http\\Request))
#31 C:\\AUTRES\\ALL WORKSPACE\\CODE~UNIVERSE\\VSC WORKSPACE\\PROJECTS\\GESCOM\\WEBSITE\\GESCOM_LARAVEL_FireBaseXDrive\\vendor\\laravel\\framework\\src\\Illuminate\\Foundation\\Http\\Middleware\\ConvertEmptyStringsToNull.php(31): Illuminate\\Foundation\\Http\\Middleware\\TransformsRequest->handle(Object(Illuminate\\Http\\Request), Object(Closure))
#32 C:\\AUTRES\\ALL WORKSPACE\\CODE~UNIVERSE\\VSC WORKSPACE\\PROJECTS\\GESCOM\\WEBSITE\\GESCOM_LARAVEL_FireBaseXDrive\\vendor\\laravel\\framework\\src\\Illuminate\\Pipeline\\Pipeline.php(219): Illuminate\\Foundation\\Http\\Middleware\\ConvertEmptyStringsToNull->handle(Object(Illuminate\\Http\\Request), Object(Closure))
#33 C:\\AUTRES\\ALL WORKSPACE\\CODE~UNIVERSE\\VSC WORKSPACE\\PROJECTS\\GESCOM\\WEBSITE\\GESCOM_LARAVEL_FireBaseXDrive\\vendor\\laravel\\framework\\src\\Illuminate\\Foundation\\Http\\Middleware\\TransformsRequest.php(21): Illuminate\\Pipeline\\Pipeline->Illuminate\\Pipeline\\{closure}(Object(Illuminate\\Http\\Request))
#34 C:\\AUTRES\\ALL WORKSPACE\\CODE~UNIVERSE\\VSC WORKSPACE\\PROJECTS\\GESCOM\\WEBSITE\\GESCOM_LARAVEL_FireBaseXDrive\\vendor\\laravel\\framework\\src\\Illuminate\\Foundation\\Http\\Middleware\\TrimStrings.php(51): Illuminate\\Foundation\\Http\\Middleware\\TransformsRequest->handle(Object(Illuminate\\Http\\Request), Object(Closure))
#35 C:\\AUTRES\\ALL WORKSPACE\\CODE~UNIVERSE\\VSC WORKSPACE\\PROJECTS\\GESCOM\\WEBSITE\\GESCOM_LARAVEL_FireBaseXDrive\\vendor\\laravel\\framework\\src\\Illuminate\\Pipeline\\Pipeline.php(219): Illuminate\\Foundation\\Http\\Middleware\\TrimStrings->handle(Object(Illuminate\\Http\\Request), Object(Closure))
#36 C:\\AUTRES\\ALL WORKSPACE\\CODE~UNIVERSE\\VSC WORKSPACE\\PROJECTS\\GESCOM\\WEBSITE\\GESCOM_LARAVEL_FireBaseXDrive\\vendor\\laravel\\framework\\src\\Illuminate\\Http\\Middleware\\ValidatePostSize.php(27): Illuminate\\Pipeline\\Pipeline->Illuminate\\Pipeline\\{closure}(Object(Illuminate\\Http\\Request))
#37 C:\\AUTRES\\ALL WORKSPACE\\CODE~UNIVERSE\\VSC WORKSPACE\\PROJECTS\\GESCOM\\WEBSITE\\GESCOM_LARAVEL_FireBaseXDrive\\vendor\\laravel\\framework\\src\\Illuminate\\Pipeline\\Pipeline.php(219): Illuminate\\Http\\Middleware\\ValidatePostSize->handle(Object(Illuminate\\Http\\Request), Object(Closure))
#38 C:\\AUTRES\\ALL WORKSPACE\\CODE~UNIVERSE\\VSC WORKSPACE\\PROJECTS\\GESCOM\\WEBSITE\\GESCOM_LARAVEL_FireBaseXDrive\\vendor\\laravel\\framework\\src\\Illuminate\\Foundation\\Http\\Middleware\\PreventRequestsDuringMaintenance.php(109): Illuminate\\Pipeline\\Pipeline->Illuminate\\Pipeline\\{closure}(Object(Illuminate\\Http\\Request))
#39 C:\\AUTRES\\ALL WORKSPACE\\CODE~UNIVERSE\\VSC WORKSPACE\\PROJECTS\\GESCOM\\WEBSITE\\GESCOM_LARAVEL_FireBaseXDrive\\vendor\\laravel\\framework\\src\\Illuminate\\Pipeline\\Pipeline.php(219): Illuminate\\Foundation\\Http\\Middleware\\PreventRequestsDuringMaintenance->handle(Object(Illuminate\\Http\\Request), Object(Closure))
#40 C:\\AUTRES\\ALL WORKSPACE\\CODE~UNIVERSE\\VSC WORKSPACE\\PROJECTS\\GESCOM\\WEBSITE\\GESCOM_LARAVEL_FireBaseXDrive\\vendor\\laravel\\framework\\src\\Illuminate\\Http\\Middleware\\HandleCors.php(61): Illuminate\\Pipeline\\Pipeline->Illuminate\\Pipeline\\{closure}(Object(Illuminate\\Http\\Request))
#41 C:\\AUTRES\\ALL WORKSPACE\\CODE~UNIVERSE\\VSC WORKSPACE\\PROJECTS\\GESCOM\\WEBSITE\\GESCOM_LARAVEL_FireBaseXDrive\\vendor\\laravel\\framework\\src\\Illuminate\\Pipeline\\Pipeline.php(219): Illuminate\\Http\\Middleware\\HandleCors->handle(Object(Illuminate\\Http\\Request), Object(Closure))
#42 C:\\AUTRES\\ALL WORKSPACE\\CODE~UNIVERSE\\VSC WORKSPACE\\PROJECTS\\GESCOM\\WEBSITE\\GESCOM_LARAVEL_FireBaseXDrive\\vendor\\laravel\\framework\\src\\Illuminate\\Http\\Middleware\\TrustProxies.php(58): Illuminate\\Pipeline\\Pipeline->Illuminate\\Pipeline\\{closure}(Object(Illuminate\\Http\\Request))
#43 C:\\AUTRES\\ALL WORKSPACE\\CODE~UNIVERSE\\VSC WORKSPACE\\PROJECTS\\GESCOM\\WEBSITE\\GESCOM_LARAVEL_FireBaseXDrive\\vendor\\laravel\\framework\\src\\Illuminate\\Pipeline\\Pipeline.php(219): Illuminate\\Http\\Middleware\\TrustProxies->handle(Object(Illuminate\\Http\\Request), Object(Closure))
#44 C:\\AUTRES\\ALL WORKSPACE\\CODE~UNIVERSE\\VSC WORKSPACE\\PROJECTS\\GESCOM\\WEBSITE\\GESCOM_LARAVEL_FireBaseXDrive\\vendor\\laravel\\framework\\src\\Illuminate\\Foundation\\Http\\Middleware\\InvokeDeferredCallbacks.php(22): Illuminate\\Pipeline\\Pipeline->Illuminate\\Pipeline\\{closure}(Object(Illuminate\\Http\\Request))
#45 C:\\AUTRES\\ALL WORKSPACE\\CODE~UNIVERSE\\VSC WORKSPACE\\PROJECTS\\GESCOM\\WEBSITE\\GESCOM_LARAVEL_FireBaseXDrive\\vendor\\laravel\\framework\\src\\Illuminate\\Pipeline\\Pipeline.php(219): Illuminate\\Foundation\\Http\\Middleware\\InvokeDeferredCallbacks->handle(Object(Illuminate\\Http\\Request), Object(Closure))
#46 C:\\AUTRES\\ALL WORKSPACE\\CODE~UNIVERSE\\VSC WORKSPACE\\PROJECTS\\GESCOM\\WEBSITE\\GESCOM_LARAVEL_FireBaseXDrive\\vendor\\laravel\\framework\\src\\Illuminate\\Http\\Middleware\\ValidatePathEncoding.php(26): Illuminate\\Pipeline\\Pipeline->Illuminate\\Pipeline\\{closure}(Object(Illuminate\\Http\\Request))
#47 C:\\AUTRES\\ALL WORKSPACE\\CODE~UNIVERSE\\VSC WORKSPACE\\PROJECTS\\GESCOM\\WEBSITE\\GESCOM_LARAVEL_FireBaseXDrive\\vendor\\laravel\\framework\\src\\Illuminate\\Pipeline\\Pipeline.php(219): Illuminate\\Http\\Middleware\\ValidatePathEncoding->handle(Object(Illuminate\\Http\\Request), Object(Closure))
#48 C:\\AUTRES\\ALL WORKSPACE\\CODE~UNIVERSE\\VSC WORKSPACE\\PROJECTS\\GESCOM\\WEBSITE\\GESCOM_LARAVEL_FireBaseXDrive\\vendor\\laravel\\framework\\src\\Illuminate\\Pipeline\\Pipeline.php(137): Illuminate\\Pipeline\\Pipeline->Illuminate\\Pipeline\\{closure}(Object(Illuminate\\Http\\Request))
#49 C:\\AUTRES\\ALL WORKSPACE\\CODE~UNIVERSE\\VSC WORKSPACE\\PROJECTS\\GESCOM\\WEBSITE\\GESCOM_LARAVEL_FireBaseXDrive\\vendor\\laravel\\framework\\src\\Illuminate\\Foundation\\Http\\Kernel.php(175): Illuminate\\Pipeline\\Pipeline->then(Object(Closure))
#50 C:\\AUTRES\\ALL WORKSPACE\\CODE~UNIVERSE\\VSC WORKSPACE\\PROJECTS\\GESCOM\\WEBSITE\\GESCOM_LARAVEL_FireBaseXDrive\\vendor\\laravel\\framework\\src\\Illuminate\\Foundation\\Http\\Kernel.php(144): Illuminate\\Foundation\\Http\\Kernel->sendRequestThroughRouter(Object(Illuminate\\Http\\Request))
#51 C:\\AUTRES\\ALL WORKSPACE\\CODE~UNIVERSE\\VSC WORKSPACE\\PROJECTS\\GESCOM\\WEBSITE\\GESCOM_LARAVEL_FireBaseXDrive\\vendor\\laravel\\framework\\src\\Illuminate\\Foundation\\Application.php(1220): Illuminate\\Foundation\\Http\\Kernel->handle(Object(Illuminate\\Http\\Request))
#52 C:\\AUTRES\\ALL WORKSPACE\\CODE~UNIVERSE\\VSC WORKSPACE\\PROJECTS\\GESCOM\\WEBSITE\\GESCOM_LARAVEL_FireBaseXDrive\\public\\index.php(20): Illuminate\\Foundation\\Application->handleRequest(Object(Illuminate\\Http\\Request))
#53 C:\\AUTRES\\ALL WORKSPACE\\CODE~UNIVERSE\\VSC WORKSPACE\\PROJECTS\\GESCOM\\WEBSITE\\GESCOM_LARAVEL_FireBaseXDrive\\vendor\\laravel\\framework\\src\\Illuminate\\Foundation\\resources\\server.php(23): require_once('C:\\\\AUTRES\\\\ALL W...')
#54 {main}
"} 
[2025-10-22 21:57:42] local.ERROR: Class "Google\Client" not found {"userId":"4","exception":"[object] (Error(code: 0): Class \"Google\\Client\" not found at C:\\AUTRES\\ALL WORKSPACE\\CODE~UNIVERSE\\VSC WORKSPACE\\PROJECTS\\GESCOM\\WEBSITE\\GESCOM_LARAVEL_FireBaseXDrive\\app\\Services\\GoogleDriveService.php:27)
[stacktrace]
#0 C:\\AUTRES\\ALL WORKSPACE\\CODE~UNIVERSE\\VSC WORKSPACE\\PROJECTS\\GESCOM\\WEBSITE\\GESCOM_LARAVEL_FireBaseXDrive\\app\\Services\\GoogleDriveService.php(19): App\\Services\\GoogleDriveService->initializeDriveService()
#1 [internal function]: App\\Services\\GoogleDriveService->__construct()
#2 C:\\AUTRES\\ALL WORKSPACE\\CODE~UNIVERSE\\VSC WORKSPACE\\PROJECTS\\GESCOM\\WEBSITE\\GESCOM_LARAVEL_FireBaseXDrive\\vendor\\laravel\\framework\\src\\Illuminate\\Container\\Container.php(1211): ReflectionClass->newInstanceArgs(Array)
#3 C:\\AUTRES\\ALL WORKSPACE\\CODE~UNIVERSE\\VSC WORKSPACE\\PROJECTS\\GESCOM\\WEBSITE\\GESCOM_LARAVEL_FireBaseXDrive\\vendor\\laravel\\framework\\src\\Illuminate\\Container\\Container.php(972): Illuminate\\Container\\Container->build('App\\\\Services\\\\Go...')
#4 C:\\AUTRES\\ALL WORKSPACE\\CODE~UNIVERSE\\VSC WORKSPACE\\PROJECTS\\GESCOM\\WEBSITE\\GESCOM_LARAVEL_FireBaseXDrive\\vendor\\laravel\\framework\\src\\Illuminate\\Foundation\\Application.php(1078): Illuminate\\Container\\Container->resolve('App\\\\Services\\\\Go...', Array, true)
#5 C:\\AUTRES\\ALL WORKSPACE\\CODE~UNIVERSE\\VSC WORKSPACE\\PROJECTS\\GESCOM\\WEBSITE\\GESCOM_LARAVEL_FireBaseXDrive\\vendor\\laravel\\framework\\src\\Illuminate\\Container\\Container.php(903): Illuminate\\Foundation\\Application->resolve('App\\\\Services\\\\Go...', Array)
#6 C:\\AUTRES\\ALL WORKSPACE\\CODE~UNIVERSE\\VSC WORKSPACE\\PROJECTS\\GESCOM\\WEBSITE\\GESCOM_LARAVEL_FireBaseXDrive\\vendor\\laravel\\framework\\src\\Illuminate\\Foundation\\Application.php(1058): Illuminate\\Container\\Container->make('App\\\\Services\\\\Go...', Array)
#7 C:\\AUTRES\\ALL WORKSPACE\\CODE~UNIVERSE\\VSC WORKSPACE\\PROJECTS\\GESCOM\\WEBSITE\\GESCOM_LARAVEL_FireBaseXDrive\\vendor\\laravel\\framework\\src\\Illuminate\\Container\\Container.php(1379): Illuminate\\Foundation\\Application->make('App\\\\Services\\\\Go...')
#8 C:\\AUTRES\\ALL WORKSPACE\\CODE~UNIVERSE\\VSC WORKSPACE\\PROJECTS\\GESCOM\\WEBSITE\\GESCOM_LARAVEL_FireBaseXDrive\\vendor\\laravel\\framework\\src\\Illuminate\\Container\\Container.php(1278): Illuminate\\Container\\Container->resolveClass(Object(ReflectionParameter))
#9 C:\\AUTRES\\ALL WORKSPACE\\CODE~UNIVERSE\\VSC WORKSPACE\\PROJECTS\\GESCOM\\WEBSITE\\GESCOM_LARAVEL_FireBaseXDrive\\vendor\\laravel\\framework\\src\\Illuminate\\Container\\Container.php(1201): Illuminate\\Container\\Container->resolveDependencies(Array)
#10 C:\\AUTRES\\ALL WORKSPACE\\CODE~UNIVERSE\\VSC WORKSPACE\\PROJECTS\\GESCOM\\WEBSITE\\GESCOM_LARAVEL_FireBaseXDrive\\vendor\\laravel\\framework\\src\\Illuminate\\Container\\Container.php(972): Illuminate\\Container\\Container->build('App\\\\Http\\\\Contro...')
#11 C:\\AUTRES\\ALL WORKSPACE\\CODE~UNIVERSE\\VSC WORKSPACE\\PROJECTS\\GESCOM\\WEBSITE\\GESCOM_LARAVEL_FireBaseXDrive\\vendor\\laravel\\framework\\src\\Illuminate\\Foundation\\Application.php(1078): Illuminate\\Container\\Container->resolve('App\\\\Http\\\\Contro...', Array, true)
#12 C:\\AUTRES\\ALL WORKSPACE\\CODE~UNIVERSE\\VSC WORKSPACE\\PROJECTS\\GESCOM\\WEBSITE\\GESCOM_LARAVEL_FireBaseXDrive\\vendor\\laravel\\framework\\src\\Illuminate\\Container\\Container.php(903): Illuminate\\Foundation\\Application->resolve('App\\\\Http\\\\Contro...', Array)
#13 C:\\AUTRES\\ALL WORKSPACE\\CODE~UNIVERSE\\VSC WORKSPACE\\PROJECTS\\GESCOM\\WEBSITE\\GESCOM_LARAVEL_FireBaseXDrive\\vendor\\laravel\\framework\\src\\Illuminate\\Foundation\\Application.php(1058): Illuminate\\Container\\Container->make('App\\\\Http\\\\Contro...', Array)
#14 C:\\AUTRES\\ALL WORKSPACE\\CODE~UNIVERSE\\VSC WORKSPACE\\PROJECTS\\GESCOM\\WEBSITE\\GESCOM_LARAVEL_FireBaseXDrive\\vendor\\laravel\\framework\\src\\Illuminate\\Routing\\Route.php(286): Illuminate\\Foundation\\Application->make('App\\\\Http\\\\Contro...')
#15 C:\\AUTRES\\ALL WORKSPACE\\CODE~UNIVERSE\\VSC WORKSPACE\\PROJECTS\\GESCOM\\WEBSITE\\GESCOM_LARAVEL_FireBaseXDrive\\vendor\\laravel\\framework\\src\\Illuminate\\Routing\\Route.php(266): Illuminate\\Routing\\Route->getController()
#16 C:\\AUTRES\\ALL WORKSPACE\\CODE~UNIVERSE\\VSC WORKSPACE\\PROJECTS\\GESCOM\\WEBSITE\\GESCOM_LARAVEL_FireBaseXDrive\\vendor\\laravel\\framework\\src\\Illuminate\\Routing\\Route.php(211): Illuminate\\Routing\\Route->runController()
#17 C:\\AUTRES\\ALL WORKSPACE\\CODE~UNIVERSE\\VSC WORKSPACE\\PROJECTS\\GESCOM\\WEBSITE\\GESCOM_LARAVEL_FireBaseXDrive\\vendor\\laravel\\framework\\src\\Illuminate\\Routing\\Router.php(822): Illuminate\\Routing\\Route->run()
#18 C:\\AUTRES\\ALL WORKSPACE\\CODE~UNIVERSE\\VSC WORKSPACE\\PROJECTS\\GESCOM\\WEBSITE\\GESCOM_LARAVEL_FireBaseXDrive\\vendor\\laravel\\framework\\src\\Illuminate\\Pipeline\\Pipeline.php(180): Illuminate\\Routing\\Router->Illuminate\\Routing\\{closure}(Object(Illuminate\\Http\\Request))
#19 C:\\AUTRES\\ALL WORKSPACE\\CODE~UNIVERSE\\VSC WORKSPACE\\PROJECTS\\GESCOM\\WEBSITE\\GESCOM_LARAVEL_FireBaseXDrive\\app\\Http\\Middleware\\FirebaseTokenMiddleware.php(46): Illuminate\\Pipeline\\Pipeline->Illuminate\\Pipeline\\{closure}(Object(Illuminate\\Http\\Request))
#20 C:\\AUTRES\\ALL WORKSPACE\\CODE~UNIVERSE\\VSC WORKSPACE\\PROJECTS\\GESCOM\\WEBSITE\\GESCOM_LARAVEL_FireBaseXDrive\\vendor\\laravel\\framework\\src\\Illuminate\\Pipeline\\Pipeline.php(219): App\\Http\\Middleware\\FirebaseTokenMiddleware->handle(Object(Illuminate\\Http\\Request), Object(Closure))
#21 C:\\AUTRES\\ALL WORKSPACE\\CODE~UNIVERSE\\VSC WORKSPACE\\PROJECTS\\GESCOM\\WEBSITE\\GESCOM_LARAVEL_FireBaseXDrive\\vendor\\laravel\\framework\\src\\Illuminate\\Routing\\Middleware\\SubstituteBindings.php(50): Illuminate\\Pipeline\\Pipeline->Illuminate\\Pipeline\\{closure}(Object(Illuminate\\Http\\Request))
#22 C:\\AUTRES\\ALL WORKSPACE\\CODE~UNIVERSE\\VSC WORKSPACE\\PROJECTS\\GESCOM\\WEBSITE\\GESCOM_LARAVEL_FireBaseXDrive\\vendor\\laravel\\framework\\src\\Illuminate\\Pipeline\\Pipeline.php(219): Illuminate\\Routing\\Middleware\\SubstituteBindings->handle(Object(Illuminate\\Http\\Request), Object(Closure))
#23 C:\\AUTRES\\ALL WORKSPACE\\CODE~UNIVERSE\\VSC WORKSPACE\\PROJECTS\\GESCOM\\WEBSITE\\GESCOM_LARAVEL_FireBaseXDrive\\vendor\\laravel\\framework\\src\\Illuminate\\Pipeline\\Pipeline.php(137): Illuminate\\Pipeline\\Pipeline->Illuminate\\Pipeline\\{closure}(Object(Illuminate\\Http\\Request))
#24 C:\\AUTRES\\ALL WORKSPACE\\CODE~UNIVERSE\\VSC WORKSPACE\\PROJECTS\\GESCOM\\WEBSITE\\GESCOM_LARAVEL_FireBaseXDrive\\vendor\\laravel\\framework\\src\\Illuminate\\Routing\\Router.php(821): Illuminate\\Pipeline\\Pipeline->then(Object(Closure))
#25 C:\\AUTRES\\ALL WORKSPACE\\CODE~UNIVERSE\\VSC WORKSPACE\\PROJECTS\\GESCOM\\WEBSITE\\GESCOM_LARAVEL_FireBaseXDrive\\vendor\\laravel\\framework\\src\\Illuminate\\Routing\\Router.php(800): Illuminate\\Routing\\Router->runRouteWithinStack(Object(Illuminate\\Routing\\Route), Object(Illuminate\\Http\\Request))
#26 C:\\AUTRES\\ALL WORKSPACE\\CODE~UNIVERSE\\VSC WORKSPACE\\PROJECTS\\GESCOM\\WEBSITE\\GESCOM_LARAVEL_FireBaseXDrive\\vendor\\laravel\\framework\\src\\Illuminate\\Routing\\Router.php(764): Illuminate\\Routing\\Router->runRoute(Object(Illuminate\\Http\\Request), Object(Illuminate\\Routing\\Route))
#27 C:\\AUTRES\\ALL WORKSPACE\\CODE~UNIVERSE\\VSC WORKSPACE\\PROJECTS\\GESCOM\\WEBSITE\\GESCOM_LARAVEL_FireBaseXDrive\\vendor\\laravel\\framework\\src\\Illuminate\\Routing\\Router.php(753): Illuminate\\Routing\\Router->dispatchToRoute(Object(Illuminate\\Http\\Request))
#28 C:\\AUTRES\\ALL WORKSPACE\\CODE~UNIVERSE\\VSC WORKSPACE\\PROJECTS\\GESCOM\\WEBSITE\\GESCOM_LARAVEL_FireBaseXDrive\\vendor\\laravel\\framework\\src\\Illuminate\\Foundation\\Http\\Kernel.php(200): Illuminate\\Routing\\Router->dispatch(Object(Illuminate\\Http\\Request))
#29 C:\\AUTRES\\ALL WORKSPACE\\CODE~UNIVERSE\\VSC WORKSPACE\\PROJECTS\\GESCOM\\WEBSITE\\GESCOM_LARAVEL_FireBaseXDrive\\vendor\\laravel\\framework\\src\\Illuminate\\Pipeline\\Pipeline.php(180): Illuminate\\Foundation\\Http\\Kernel->Illuminate\\Foundation\\Http\\{closure}(Object(Illuminate\\Http\\Request))
#30 C:\\AUTRES\\ALL WORKSPACE\\CODE~UNIVERSE\\VSC WORKSPACE\\PROJECTS\\GESCOM\\WEBSITE\\GESCOM_LARAVEL_FireBaseXDrive\\vendor\\laravel\\framework\\src\\Illuminate\\Foundation\\Http\\Middleware\\TransformsRequest.php(21): Illuminate\\Pipeline\\Pipeline->Illuminate\\Pipeline\\{closure}(Object(Illuminate\\Http\\Request))
#31 C:\\AUTRES\\ALL WORKSPACE\\CODE~UNIVERSE\\VSC WORKSPACE\\PROJECTS\\GESCOM\\WEBSITE\\GESCOM_LARAVEL_FireBaseXDrive\\vendor\\laravel\\framework\\src\\Illuminate\\Foundation\\Http\\Middleware\\ConvertEmptyStringsToNull.php(31): Illuminate\\Foundation\\Http\\Middleware\\TransformsRequest->handle(Object(Illuminate\\Http\\Request), Object(Closure))
#32 C:\\AUTRES\\ALL WORKSPACE\\CODE~UNIVERSE\\VSC WORKSPACE\\PROJECTS\\GESCOM\\WEBSITE\\GESCOM_LARAVEL_FireBaseXDrive\\vendor\\laravel\\framework\\src\\Illuminate\\Pipeline\\Pipeline.php(219): Illuminate\\Foundation\\Http\\Middleware\\ConvertEmptyStringsToNull->handle(Object(Illuminate\\Http\\Request), Object(Closure))
#33 C:\\AUTRES\\ALL WORKSPACE\\CODE~UNIVERSE\\VSC WORKSPACE\\PROJECTS\\GESCOM\\WEBSITE\\GESCOM_LARAVEL_FireBaseXDrive\\vendor\\laravel\\framework\\src\\Illuminate\\Foundation\\Http\\Middleware\\TransformsRequest.php(21): Illuminate\\Pipeline\\Pipeline->Illuminate\\Pipeline\\{closure}(Object(Illuminate\\Http\\Request))
#34 C:\\AUTRES\\ALL WORKSPACE\\CODE~UNIVERSE\\VSC WORKSPACE\\PROJECTS\\GESCOM\\WEBSITE\\GESCOM_LARAVEL_FireBaseXDrive\\vendor\\laravel\\framework\\src\\Illuminate\\Foundation\\Http\\Middleware\\TrimStrings.php(51): Illuminate\\Foundation\\Http\\Middleware\\TransformsRequest->handle(Object(Illuminate\\Http\\Request), Object(Closure))
#35 C:\\AUTRES\\ALL WORKSPACE\\CODE~UNIVERSE\\VSC WORKSPACE\\PROJECTS\\GESCOM\\WEBSITE\\GESCOM_LARAVEL_FireBaseXDrive\\vendor\\laravel\\framework\\src\\Illuminate\\Pipeline\\Pipeline.php(219): Illuminate\\Foundation\\Http\\Middleware\\TrimStrings->handle(Object(Illuminate\\Http\\Request), Object(Closure))
#36 C:\\AUTRES\\ALL WORKSPACE\\CODE~UNIVERSE\\VSC WORKSPACE\\PROJECTS\\GESCOM\\WEBSITE\\GESCOM_LARAVEL_FireBaseXDrive\\vendor\\laravel\\framework\\src\\Illuminate\\Http\\Middleware\\ValidatePostSize.php(27): Illuminate\\Pipeline\\Pipeline->Illuminate\\Pipeline\\{closure}(Object(Illuminate\\Http\\Request))
#37 C:\\AUTRES\\ALL WORKSPACE\\CODE~UNIVERSE\\VSC WORKSPACE\\PROJECTS\\GESCOM\\WEBSITE\\GESCOM_LARAVEL_FireBaseXDrive\\vendor\\laravel\\framework\\src\\Illuminate\\Pipeline\\Pipeline.php(219): Illuminate\\Http\\Middleware\\ValidatePostSize->handle(Object(Illuminate\\Http\\Request), Object(Closure))
#38 C:\\AUTRES\\ALL WORKSPACE\\CODE~UNIVERSE\\VSC WORKSPACE\\PROJECTS\\GESCOM\\WEBSITE\\GESCOM_LARAVEL_FireBaseXDrive\\vendor\\laravel\\framework\\src\\Illuminate\\Foundation\\Http\\Middleware\\PreventRequestsDuringMaintenance.php(109): Illuminate\\Pipeline\\Pipeline->Illuminate\\Pipeline\\{closure}(Object(Illuminate\\Http\\Request))
#39 C:\\AUTRES\\ALL WORKSPACE\\CODE~UNIVERSE\\VSC WORKSPACE\\PROJECTS\\GESCOM\\WEBSITE\\GESCOM_LARAVEL_FireBaseXDrive\\vendor\\laravel\\framework\\src\\Illuminate\\Pipeline\\Pipeline.php(219): Illuminate\\Foundation\\Http\\Middleware\\PreventRequestsDuringMaintenance->handle(Object(Illuminate\\Http\\Request), Object(Closure))
#40 C:\\AUTRES\\ALL WORKSPACE\\CODE~UNIVERSE\\VSC WORKSPACE\\PROJECTS\\GESCOM\\WEBSITE\\GESCOM_LARAVEL_FireBaseXDrive\\vendor\\laravel\\framework\\src\\Illuminate\\Http\\Middleware\\HandleCors.php(61): Illuminate\\Pipeline\\Pipeline->Illuminate\\Pipeline\\{closure}(Object(Illuminate\\Http\\Request))
#41 C:\\AUTRES\\ALL WORKSPACE\\CODE~UNIVERSE\\VSC WORKSPACE\\PROJECTS\\GESCOM\\WEBSITE\\GESCOM_LARAVEL_FireBaseXDrive\\vendor\\laravel\\framework\\src\\Illuminate\\Pipeline\\Pipeline.php(219): Illuminate\\Http\\Middleware\\HandleCors->handle(Object(Illuminate\\Http\\Request), Object(Closure))
#42 C:\\AUTRES\\ALL WORKSPACE\\CODE~UNIVERSE\\VSC WORKSPACE\\PROJECTS\\GESCOM\\WEBSITE\\GESCOM_LARAVEL_FireBaseXDrive\\vendor\\laravel\\framework\\src\\Illuminate\\Http\\Middleware\\TrustProxies.php(58): Illuminate\\Pipeline\\Pipeline->Illuminate\\Pipeline\\{closure}(Object(Illuminate\\Http\\Request))
#43 C:\\AUTRES\\ALL WORKSPACE\\CODE~UNIVERSE\\VSC WORKSPACE\\PROJECTS\\GESCOM\\WEBSITE\\GESCOM_LARAVEL_FireBaseXDrive\\vendor\\laravel\\framework\\src\\Illuminate\\Pipeline\\Pipeline.php(219): Illuminate\\Http\\Middleware\\TrustProxies->handle(Object(Illuminate\\Http\\Request), Object(Closure))
#44 C:\\AUTRES\\ALL WORKSPACE\\CODE~UNIVERSE\\VSC WORKSPACE\\PROJECTS\\GESCOM\\WEBSITE\\GESCOM_LARAVEL_FireBaseXDrive\\vendor\\laravel\\framework\\src\\Illuminate\\Foundation\\Http\\Middleware\\InvokeDeferredCallbacks.php(22): Illuminate\\Pipeline\\Pipeline->Illuminate\\Pipeline\\{closure}(Object(Illuminate\\Http\\Request))
#45 C:\\AUTRES\\ALL WORKSPACE\\CODE~UNIVERSE\\VSC WORKSPACE\\PROJECTS\\GESCOM\\WEBSITE\\GESCOM_LARAVEL_FireBaseXDrive\\vendor\\laravel\\framework\\src\\Illuminate\\Pipeline\\Pipeline.php(219): Illuminate\\Foundation\\Http\\Middleware\\InvokeDeferredCallbacks->handle(Object(Illuminate\\Http\\Request), Object(Closure))
#46 C:\\AUTRES\\ALL WORKSPACE\\CODE~UNIVERSE\\VSC WORKSPACE\\PROJECTS\\GESCOM\\WEBSITE\\GESCOM_LARAVEL_FireBaseXDrive\\vendor\\laravel\\framework\\src\\Illuminate\\Http\\Middleware\\ValidatePathEncoding.php(26): Illuminate\\Pipeline\\Pipeline->Illuminate\\Pipeline\\{closure}(Object(Illuminate\\Http\\Request))
#47 C:\\AUTRES\\ALL WORKSPACE\\CODE~UNIVERSE\\VSC WORKSPACE\\PROJECTS\\GESCOM\\WEBSITE\\GESCOM_LARAVEL_FireBaseXDrive\\vendor\\laravel\\framework\\src\\Illuminate\\Pipeline\\Pipeline.php(219): Illuminate\\Http\\Middleware\\ValidatePathEncoding->handle(Object(Illuminate\\Http\\Request), Object(Closure))
#48 C:\\AUTRES\\ALL WORKSPACE\\CODE~UNIVERSE\\VSC WORKSPACE\\PROJECTS\\GESCOM\\WEBSITE\\GESCOM_LARAVEL_FireBaseXDrive\\vendor\\laravel\\framework\\src\\Illuminate\\Pipeline\\Pipeline.php(137): Illuminate\\Pipeline\\Pipeline->Illuminate\\Pipeline\\{closure}(Object(Illuminate\\Http\\Request))
#49 C:\\AUTRES\\ALL WORKSPACE\\CODE~UNIVERSE\\VSC WORKSPACE\\PROJECTS\\GESCOM\\WEBSITE\\GESCOM_LARAVEL_FireBaseXDrive\\vendor\\laravel\\framework\\src\\Illuminate\\Foundation\\Http\\Kernel.php(175): Illuminate\\Pipeline\\Pipeline->then(Object(Closure))
#50 C:\\AUTRES\\ALL WORKSPACE\\CODE~UNIVERSE\\VSC WORKSPACE\\PROJECTS\\GESCOM\\WEBSITE\\GESCOM_LARAVEL_FireBaseXDrive\\vendor\\laravel\\framework\\src\\Illuminate\\Foundation\\Http\\Kernel.php(144): Illuminate\\Foundation\\Http\\Kernel->sendRequestThroughRouter(Object(Illuminate\\Http\\Request))
#51 C:\\AUTRES\\ALL WORKSPACE\\CODE~UNIVERSE\\VSC WORKSPACE\\PROJECTS\\GESCOM\\WEBSITE\\GESCOM_LARAVEL_FireBaseXDrive\\vendor\\laravel\\framework\\src\\Illuminate\\Foundation\\Application.php(1220): Illuminate\\Foundation\\Http\\Kernel->handle(Object(Illuminate\\Http\\Request))
#52 C:\\AUTRES\\ALL WORKSPACE\\CODE~UNIVERSE\\VSC WORKSPACE\\PROJECTS\\GESCOM\\WEBSITE\\GESCOM_LARAVEL_FireBaseXDrive\\public\\index.php(20): Illuminate\\Foundation\\Application->handleRequest(Object(Illuminate\\Http\\Request))
#53 C:\\AUTRES\\ALL WORKSPACE\\CODE~UNIVERSE\\VSC WORKSPACE\\PROJECTS\\GESCOM\\WEBSITE\\GESCOM_LARAVEL_FireBaseXDrive\\vendor\\laravel\\framework\\src\\Illuminate\\Foundation\\resources\\server.php(23): require_once('C:\\\\AUTRES\\\\ALL W...')
#54 {main}
"} 
[2025-10-22 21:57:45] local.ERROR: Class "Google\Client" not found {"userId":"4","exception":"[object] (Error(code: 0): Class \"Google\\Client\" not found at C:\\AUTRES\\ALL WORKSPACE\\CODE~UNIVERSE\\VSC WORKSPACE\\PROJECTS\\GESCOM\\WEBSITE\\GESCOM_LARAVEL_FireBaseXDrive\\app\\Services\\GoogleDriveService.php:27)
[stacktrace]
#0 C:\\AUTRES\\ALL WORKSPACE\\CODE~UNIVERSE\\VSC WORKSPACE\\PROJECTS\\GESCOM\\WEBSITE\\GESCOM_LARAVEL_FireBaseXDrive\\app\\Services\\GoogleDriveService.php(19): App\\Services\\GoogleDriveService->initializeDriveService()
#1 [internal function]: App\\Services\\GoogleDriveService->__construct()
#2 C:\\AUTRES\\ALL WORKSPACE\\CODE~UNIVERSE\\VSC WORKSPACE\\PROJECTS\\GESCOM\\WEBSITE\\GESCOM_LARAVEL_FireBaseXDrive\\vendor\\laravel\\framework\\src\\Illuminate\\Container\\Container.php(1211): ReflectionClass->newInstanceArgs(Array)
#3 C:\\AUTRES\\ALL WORKSPACE\\CODE~UNIVERSE\\VSC WORKSPACE\\PROJECTS\\GESCOM\\WEBSITE\\GESCOM_LARAVEL_FireBaseXDrive\\vendor\\laravel\\framework\\src\\Illuminate\\Container\\Container.php(972): Illuminate\\Container\\Container->build('App\\\\Services\\\\Go...')
#4 C:\\AUTRES\\ALL WORKSPACE\\CODE~UNIVERSE\\VSC WORKSPACE\\PROJECTS\\GESCOM\\WEBSITE\\GESCOM_LARAVEL_FireBaseXDrive\\vendor\\laravel\\framework\\src\\Illuminate\\Foundation\\Application.php(1078): Illuminate\\Container\\Container->resolve('App\\\\Services\\\\Go...', Array, true)
#5 C:\\AUTRES\\ALL WORKSPACE\\CODE~UNIVERSE\\VSC WORKSPACE\\PROJECTS\\GESCOM\\WEBSITE\\GESCOM_LARAVEL_FireBaseXDrive\\vendor\\laravel\\framework\\src\\Illuminate\\Container\\Container.php(903): Illuminate\\Foundation\\Application->resolve('App\\\\Services\\\\Go...', Array)
#6 C:\\AUTRES\\ALL WORKSPACE\\CODE~UNIVERSE\\VSC WORKSPACE\\PROJECTS\\GESCOM\\WEBSITE\\GESCOM_LARAVEL_FireBaseXDrive\\vendor\\laravel\\framework\\src\\Illuminate\\Foundation\\Application.php(1058): Illuminate\\Container\\Container->make('App\\\\Services\\\\Go...', Array)
#7 C:\\AUTRES\\ALL WORKSPACE\\CODE~UNIVERSE\\VSC WORKSPACE\\PROJECTS\\GESCOM\\WEBSITE\\GESCOM_LARAVEL_FireBaseXDrive\\vendor\\laravel\\framework\\src\\Illuminate\\Container\\Container.php(1379): Illuminate\\Foundation\\Application->make('App\\\\Services\\\\Go...')
#8 C:\\AUTRES\\ALL WORKSPACE\\CODE~UNIVERSE\\VSC WORKSPACE\\PROJECTS\\GESCOM\\WEBSITE\\GESCOM_LARAVEL_FireBaseXDrive\\vendor\\laravel\\framework\\src\\Illuminate\\Container\\Container.php(1278): Illuminate\\Container\\Container->resolveClass(Object(ReflectionParameter))
#9 C:\\AUTRES\\ALL WORKSPACE\\CODE~UNIVERSE\\VSC WORKSPACE\\PROJECTS\\GESCOM\\WEBSITE\\GESCOM_LARAVEL_FireBaseXDrive\\vendor\\laravel\\framework\\src\\Illuminate\\Container\\Container.php(1201): Illuminate\\Container\\Container->resolveDependencies(Array)
#10 C:\\AUTRES\\ALL WORKSPACE\\CODE~UNIVERSE\\VSC WORKSPACE\\PROJECTS\\GESCOM\\WEBSITE\\GESCOM_LARAVEL_FireBaseXDrive\\vendor\\laravel\\framework\\src\\Illuminate\\Container\\Container.php(972): Illuminate\\Container\\Container->build('App\\\\Http\\\\Contro...')
#11 C:\\AUTRES\\ALL WORKSPACE\\CODE~UNIVERSE\\VSC WORKSPACE\\PROJECTS\\GESCOM\\WEBSITE\\GESCOM_LARAVEL_FireBaseXDrive\\vendor\\laravel\\framework\\src\\Illuminate\\Foundation\\Application.php(1078): Illuminate\\Container\\Container->resolve('App\\\\Http\\\\Contro...', Array, true)
#12 C:\\AUTRES\\ALL WORKSPACE\\CODE~UNIVERSE\\VSC WORKSPACE\\PROJECTS\\GESCOM\\WEBSITE\\GESCOM_LARAVEL_FireBaseXDrive\\vendor\\laravel\\framework\\src\\Illuminate\\Container\\Container.php(903): Illuminate\\Foundation\\Application->resolve('App\\\\Http\\\\Contro...', Array)
#13 C:\\AUTRES\\ALL WORKSPACE\\CODE~UNIVERSE\\VSC WORKSPACE\\PROJECTS\\GESCOM\\WEBSITE\\GESCOM_LARAVEL_FireBaseXDrive\\vendor\\laravel\\framework\\src\\Illuminate\\Foundation\\Application.php(1058): Illuminate\\Container\\Container->make('App\\\\Http\\\\Contro...', Array)
#14 C:\\AUTRES\\ALL WORKSPACE\\CODE~UNIVERSE\\VSC WORKSPACE\\PROJECTS\\GESCOM\\WEBSITE\\GESCOM_LARAVEL_FireBaseXDrive\\vendor\\laravel\\framework\\src\\Illuminate\\Routing\\Route.php(286): Illuminate\\Foundation\\Application->make('App\\\\Http\\\\Contro...')
#15 C:\\AUTRES\\ALL WORKSPACE\\CODE~UNIVERSE\\VSC WORKSPACE\\PROJECTS\\GESCOM\\WEBSITE\\GESCOM_LARAVEL_FireBaseXDrive\\vendor\\laravel\\framework\\src\\Illuminate\\Routing\\Route.php(266): Illuminate\\Routing\\Route->getController()
#16 C:\\AUTRES\\ALL WORKSPACE\\CODE~UNIVERSE\\VSC WORKSPACE\\PROJECTS\\GESCOM\\WEBSITE\\GESCOM_LARAVEL_FireBaseXDrive\\vendor\\laravel\\framework\\src\\Illuminate\\Routing\\Route.php(211): Illuminate\\Routing\\Route->runController()
#17 C:\\AUTRES\\ALL WORKSPACE\\CODE~UNIVERSE\\VSC WORKSPACE\\PROJECTS\\GESCOM\\WEBSITE\\GESCOM_LARAVEL_FireBaseXDrive\\vendor\\laravel\\framework\\src\\Illuminate\\Routing\\Router.php(822): Illuminate\\Routing\\Route->run()
#18 C:\\AUTRES\\ALL WORKSPACE\\CODE~UNIVERSE\\VSC WORKSPACE\\PROJECTS\\GESCOM\\WEBSITE\\GESCOM_LARAVEL_FireBaseXDrive\\vendor\\laravel\\framework\\src\\Illuminate\\Pipeline\\Pipeline.php(180): Illuminate\\Routing\\Router->Illuminate\\Routing\\{closure}(Object(Illuminate\\Http\\Request))
#19 C:\\AUTRES\\ALL WORKSPACE\\CODE~UNIVERSE\\VSC WORKSPACE\\PROJECTS\\GESCOM\\WEBSITE\\GESCOM_LARAVEL_FireBaseXDrive\\app\\Http\\Middleware\\FirebaseTokenMiddleware.php(46): Illuminate\\Pipeline\\Pipeline->Illuminate\\Pipeline\\{closure}(Object(Illuminate\\Http\\Request))
#20 C:\\AUTRES\\ALL WORKSPACE\\CODE~UNIVERSE\\VSC WORKSPACE\\PROJECTS\\GESCOM\\WEBSITE\\GESCOM_LARAVEL_FireBaseXDrive\\vendor\\laravel\\framework\\src\\Illuminate\\Pipeline\\Pipeline.php(219): App\\Http\\Middleware\\FirebaseTokenMiddleware->handle(Object(Illuminate\\Http\\Request), Object(Closure))
#21 C:\\AUTRES\\ALL WORKSPACE\\CODE~UNIVERSE\\VSC WORKSPACE\\PROJECTS\\GESCOM\\WEBSITE\\GESCOM_LARAVEL_FireBaseXDrive\\vendor\\laravel\\framework\\src\\Illuminate\\Routing\\Middleware\\SubstituteBindings.php(50): Illuminate\\Pipeline\\Pipeline->Illuminate\\Pipeline\\{closure}(Object(Illuminate\\Http\\Request))
#22 C:\\AUTRES\\ALL WORKSPACE\\CODE~UNIVERSE\\VSC WORKSPACE\\PROJECTS\\GESCOM\\WEBSITE\\GESCOM_LARAVEL_FireBaseXDrive\\vendor\\laravel\\framework\\src\\Illuminate\\Pipeline\\Pipeline.php(219): Illuminate\\Routing\\Middleware\\SubstituteBindings->handle(Object(Illuminate\\Http\\Request), Object(Closure))
#23 C:\\AUTRES\\ALL WORKSPACE\\CODE~UNIVERSE\\VSC WORKSPACE\\PROJECTS\\GESCOM\\WEBSITE\\GESCOM_LARAVEL_FireBaseXDrive\\vendor\\laravel\\framework\\src\\Illuminate\\Pipeline\\Pipeline.php(137): Illuminate\\Pipeline\\Pipeline->Illuminate\\Pipeline\\{closure}(Object(Illuminate\\Http\\Request))
#24 C:\\AUTRES\\ALL WORKSPACE\\CODE~UNIVERSE\\VSC WORKSPACE\\PROJECTS\\GESCOM\\WEBSITE\\GESCOM_LARAVEL_FireBaseXDrive\\vendor\\laravel\\framework\\src\\Illuminate\\Routing\\Router.php(821): Illuminate\\Pipeline\\Pipeline->then(Object(Closure))
#25 C:\\AUTRES\\ALL WORKSPACE\\CODE~UNIVERSE\\VSC WORKSPACE\\PROJECTS\\GESCOM\\WEBSITE\\GESCOM_LARAVEL_FireBaseXDrive\\vendor\\laravel\\framework\\src\\Illuminate\\Routing\\Router.php(800): Illuminate\\Routing\\Router->runRouteWithinStack(Object(Illuminate\\Routing\\Route), Object(Illuminate\\Http\\Request))
#26 C:\\AUTRES\\ALL WORKSPACE\\CODE~UNIVERSE\\VSC WORKSPACE\\PROJECTS\\GESCOM\\WEBSITE\\GESCOM_LARAVEL_FireBaseXDrive\\vendor\\laravel\\framework\\src\\Illuminate\\Routing\\Router.php(764): Illuminate\\Routing\\Router->runRoute(Object(Illuminate\\Http\\Request), Object(Illuminate\\Routing\\Route))
#27 C:\\AUTRES\\ALL WORKSPACE\\CODE~UNIVERSE\\VSC WORKSPACE\\PROJECTS\\GESCOM\\WEBSITE\\GESCOM_LARAVEL_FireBaseXDrive\\vendor\\laravel\\framework\\src\\Illuminate\\Routing\\Router.php(753): Illuminate\\Routing\\Router->dispatchToRoute(Object(Illuminate\\Http\\Request))
#28 C:\\AUTRES\\ALL WORKSPACE\\CODE~UNIVERSE\\VSC WORKSPACE\\PROJECTS\\GESCOM\\WEBSITE\\GESCOM_LARAVEL_FireBaseXDrive\\vendor\\laravel\\framework\\src\\Illuminate\\Foundation\\Http\\Kernel.php(200): Illuminate\\Routing\\Router->dispatch(Object(Illuminate\\Http\\Request))
#29 C:\\AUTRES\\ALL WORKSPACE\\CODE~UNIVERSE\\VSC WORKSPACE\\PROJECTS\\GESCOM\\WEBSITE\\GESCOM_LARAVEL_FireBaseXDrive\\vendor\\laravel\\framework\\src\\Illuminate\\Pipeline\\Pipeline.php(180): Illuminate\\Foundation\\Http\\Kernel->Illuminate\\Foundation\\Http\\{closure}(Object(Illuminate\\Http\\Request))
#30 C:\\AUTRES\\ALL WORKSPACE\\CODE~UNIVERSE\\VSC WORKSPACE\\PROJECTS\\GESCOM\\WEBSITE\\GESCOM_LARAVEL_FireBaseXDrive\\vendor\\laravel\\framework\\src\\Illuminate\\Foundation\\Http\\Middleware\\TransformsRequest.php(21): Illuminate\\Pipeline\\Pipeline->Illuminate\\Pipeline\\{closure}(Object(Illuminate\\Http\\Request))
#31 C:\\AUTRES\\ALL WORKSPACE\\CODE~UNIVERSE\\VSC WORKSPACE\\PROJECTS\\GESCOM\\WEBSITE\\GESCOM_LARAVEL_FireBaseXDrive\\vendor\\laravel\\framework\\src\\Illuminate\\Foundation\\Http\\Middleware\\ConvertEmptyStringsToNull.php(31): Illuminate\\Foundation\\Http\\Middleware\\TransformsRequest->handle(Object(Illuminate\\Http\\Request), Object(Closure))
#32 C:\\AUTRES\\ALL WORKSPACE\\CODE~UNIVERSE\\VSC WORKSPACE\\PROJECTS\\GESCOM\\WEBSITE\\GESCOM_LARAVEL_FireBaseXDrive\\vendor\\laravel\\framework\\src\\Illuminate\\Pipeline\\Pipeline.php(219): Illuminate\\Foundation\\Http\\Middleware\\ConvertEmptyStringsToNull->handle(Object(Illuminate\\Http\\Request), Object(Closure))
#33 C:\\AUTRES\\ALL WORKSPACE\\CODE~UNIVERSE\\VSC WORKSPACE\\PROJECTS\\GESCOM\\WEBSITE\\GESCOM_LARAVEL_FireBaseXDrive\\vendor\\laravel\\framework\\src\\Illuminate\\Foundation\\Http\\Middleware\\TransformsRequest.php(21): Illuminate\\Pipeline\\Pipeline->Illuminate\\Pipeline\\{closure}(Object(Illuminate\\Http\\Request))
#34 C:\\AUTRES\\ALL WORKSPACE\\CODE~UNIVERSE\\VSC WORKSPACE\\PROJECTS\\GESCOM\\WEBSITE\\GESCOM_LARAVEL_FireBaseXDrive\\vendor\\laravel\\framework\\src\\Illuminate\\Foundation\\Http\\Middleware\\TrimStrings.php(51): Illuminate\\Foundation\\Http\\Middleware\\TransformsRequest->handle(Object(Illuminate\\Http\\Request), Object(Closure))
#35 C:\\AUTRES\\ALL WORKSPACE\\CODE~UNIVERSE\\VSC WORKSPACE\\PROJECTS\\GESCOM\\WEBSITE\\GESCOM_LARAVEL_FireBaseXDrive\\vendor\\laravel\\framework\\src\\Illuminate\\Pipeline\\Pipeline.php(219): Illuminate\\Foundation\\Http\\Middleware\\TrimStrings->handle(Object(Illuminate\\Http\\Request), Object(Closure))
#36 C:\\AUTRES\\ALL WORKSPACE\\CODE~UNIVERSE\\VSC WORKSPACE\\PROJECTS\\GESCOM\\WEBSITE\\GESCOM_LARAVEL_FireBaseXDrive\\vendor\\laravel\\framework\\src\\Illuminate\\Http\\Middleware\\ValidatePostSize.php(27): Illuminate\\Pipeline\\Pipeline->Illuminate\\Pipeline\\{closure}(Object(Illuminate\\Http\\Request))
#37 C:\\AUTRES\\ALL WORKSPACE\\CODE~UNIVERSE\\VSC WORKSPACE\\PROJECTS\\GESCOM\\WEBSITE\\GESCOM_LARAVEL_FireBaseXDrive\\vendor\\laravel\\framework\\src\\Illuminate\\Pipeline\\Pipeline.php(219): Illuminate\\Http\\Middleware\\ValidatePostSize->handle(Object(Illuminate\\Http\\Request), Object(Closure))
#38 C:\\AUTRES\\ALL WORKSPACE\\CODE~UNIVERSE\\VSC WORKSPACE\\PROJECTS\\GESCOM\\WEBSITE\\GESCOM_LARAVEL_FireBaseXDrive\\vendor\\laravel\\framework\\src\\Illuminate\\Foundation\\Http\\Middleware\\PreventRequestsDuringMaintenance.php(109): Illuminate\\Pipeline\\Pipeline->Illuminate\\Pipeline\\{closure}(Object(Illuminate\\Http\\Request))
#39 C:\\AUTRES\\ALL WORKSPACE\\CODE~UNIVERSE\\VSC WORKSPACE\\PROJECTS\\GESCOM\\WEBSITE\\GESCOM_LARAVEL_FireBaseXDrive\\vendor\\laravel\\framework\\src\\Illuminate\\Pipeline\\Pipeline.php(219): Illuminate\\Foundation\\Http\\Middleware\\PreventRequestsDuringMaintenance->handle(Object(Illuminate\\Http\\Request), Object(Closure))
#40 C:\\AUTRES\\ALL WORKSPACE\\CODE~UNIVERSE\\VSC WORKSPACE\\PROJECTS\\GESCOM\\WEBSITE\\GESCOM_LARAVEL_FireBaseXDrive\\vendor\\laravel\\framework\\src\\Illuminate\\Http\\Middleware\\HandleCors.php(61): Illuminate\\Pipeline\\Pipeline->Illuminate\\Pipeline\\{closure}(Object(Illuminate\\Http\\Request))
#41 C:\\AUTRES\\ALL WORKSPACE\\CODE~UNIVERSE\\VSC WORKSPACE\\PROJECTS\\GESCOM\\WEBSITE\\GESCOM_LARAVEL_FireBaseXDrive\\vendor\\laravel\\framework\\src\\Illuminate\\Pipeline\\Pipeline.php(219): Illuminate\\Http\\Middleware\\HandleCors->handle(Object(Illuminate\\Http\\Request), Object(Closure))
#42 C:\\AUTRES\\ALL WORKSPACE\\CODE~UNIVERSE\\VSC WORKSPACE\\PROJECTS\\GESCOM\\WEBSITE\\GESCOM_LARAVEL_FireBaseXDrive\\vendor\\laravel\\framework\\src\\Illuminate\\Http\\Middleware\\TrustProxies.php(58): Illuminate\\Pipeline\\Pipeline->Illuminate\\Pipeline\\{closure}(Object(Illuminate\\Http\\Request))
#43 C:\\AUTRES\\ALL WORKSPACE\\CODE~UNIVERSE\\VSC WORKSPACE\\PROJECTS\\GESCOM\\WEBSITE\\GESCOM_LARAVEL_FireBaseXDrive\\vendor\\laravel\\framework\\src\\Illuminate\\Pipeline\\Pipeline.php(219): Illuminate\\Http\\Middleware\\TrustProxies->handle(Object(Illuminate\\Http\\Request), Object(Closure))
#44 C:\\AUTRES\\ALL WORKSPACE\\CODE~UNIVERSE\\VSC WORKSPACE\\PROJECTS\\GESCOM\\WEBSITE\\GESCOM_LARAVEL_FireBaseXDrive\\vendor\\laravel\\framework\\src\\Illuminate\\Foundation\\Http\\Middleware\\InvokeDeferredCallbacks.php(22): Illuminate\\Pipeline\\Pipeline->Illuminate\\Pipeline\\{closure}(Object(Illuminate\\Http\\Request))
#45 C:\\AUTRES\\ALL WORKSPACE\\CODE~UNIVERSE\\VSC WORKSPACE\\PROJECTS\\GESCOM\\WEBSITE\\GESCOM_LARAVEL_FireBaseXDrive\\vendor\\laravel\\framework\\src\\Illuminate\\Pipeline\\Pipeline.php(219): Illuminate\\Foundation\\Http\\Middleware\\InvokeDeferredCallbacks->handle(Object(Illuminate\\Http\\Request), Object(Closure))
#46 C:\\AUTRES\\ALL WORKSPACE\\CODE~UNIVERSE\\VSC WORKSPACE\\PROJECTS\\GESCOM\\WEBSITE\\GESCOM_LARAVEL_FireBaseXDrive\\vendor\\laravel\\framework\\src\\Illuminate\\Http\\Middleware\\ValidatePathEncoding.php(26): Illuminate\\Pipeline\\Pipeline->Illuminate\\Pipeline\\{closure}(Object(Illuminate\\Http\\Request))
#47 C:\\AUTRES\\ALL WORKSPACE\\CODE~UNIVERSE\\VSC WORKSPACE\\PROJECTS\\GESCOM\\WEBSITE\\GESCOM_LARAVEL_FireBaseXDrive\\vendor\\laravel\\framework\\src\\Illuminate\\Pipeline\\Pipeline.php(219): Illuminate\\Http\\Middleware\\ValidatePathEncoding->handle(Object(Illuminate\\Http\\Request), Object(Closure))
#48 C:\\AUTRES\\ALL WORKSPACE\\CODE~UNIVERSE\\VSC WORKSPACE\\PROJECTS\\GESCOM\\WEBSITE\\GESCOM_LARAVEL_FireBaseXDrive\\vendor\\laravel\\framework\\src\\Illuminate\\Pipeline\\Pipeline.php(137): Illuminate\\Pipeline\\Pipeline->Illuminate\\Pipeline\\{closure}(Object(Illuminate\\Http\\Request))
#49 C:\\AUTRES\\ALL WORKSPACE\\CODE~UNIVERSE\\VSC WORKSPACE\\PROJECTS\\GESCOM\\WEBSITE\\GESCOM_LARAVEL_FireBaseXDrive\\vendor\\laravel\\framework\\src\\Illuminate\\Foundation\\Http\\Kernel.php(175): Illuminate\\Pipeline\\Pipeline->then(Object(Closure))
#50 C:\\AUTRES\\ALL WORKSPACE\\CODE~UNIVERSE\\VSC WORKSPACE\\PROJECTS\\GESCOM\\WEBSITE\\GESCOM_LARAVEL_FireBaseXDrive\\vendor\\laravel\\framework\\src\\Illuminate\\Foundation\\Http\\Kernel.php(144): Illuminate\\Foundation\\Http\\Kernel->sendRequestThroughRouter(Object(Illuminate\\Http\\Request))
#51 C:\\AUTRES\\ALL WORKSPACE\\CODE~UNIVERSE\\VSC WORKSPACE\\PROJECTS\\GESCOM\\WEBSITE\\GESCOM_LARAVEL_FireBaseXDrive\\vendor\\laravel\\framework\\src\\Illuminate\\Foundation\\Application.php(1220): Illuminate\\Foundation\\Http\\Kernel->handle(Object(Illuminate\\Http\\Request))
#52 C:\\AUTRES\\ALL WORKSPACE\\CODE~UNIVERSE\\VSC WORKSPACE\\PROJECTS\\GESCOM\\WEBSITE\\GESCOM_LARAVEL_FireBaseXDrive\\public\\index.php(20): Illuminate\\Foundation\\Application->handleRequest(Object(Illuminate\\Http\\Request))
#53 C:\\AUTRES\\ALL WORKSPACE\\CODE~UNIVERSE\\VSC WORKSPACE\\PROJECTS\\GESCOM\\WEBSITE\\GESCOM_LARAVEL_FireBaseXDrive\\vendor\\laravel\\framework\\src\\Illuminate\\Foundation\\resources\\server.php(23): require_once('C:\\\\AUTRES\\\\ALL W...')
#54 {main}
"} 
[2025-10-22 21:57:47] local.ERROR: Class "Google\Client" not found {"userId":"4","exception":"[object] (Error(code: 0): Class \"Google\\Client\" not found at C:\\AUTRES\\ALL WORKSPACE\\CODE~UNIVERSE\\VSC WORKSPACE\\PROJECTS\\GESCOM\\WEBSITE\\GESCOM_LARAVEL_FireBaseXDrive\\app\\Services\\GoogleDriveService.php:27)
[stacktrace]
#0 C:\\AUTRES\\ALL WORKSPACE\\CODE~UNIVERSE\\VSC WORKSPACE\\PROJECTS\\GESCOM\\WEBSITE\\GESCOM_LARAVEL_FireBaseXDrive\\app\\Services\\GoogleDriveService.php(19): App\\Services\\GoogleDriveService->initializeDriveService()
#1 [internal function]: App\\Services\\GoogleDriveService->__construct()
#2 C:\\AUTRES\\ALL WORKSPACE\\CODE~UNIVERSE\\VSC WORKSPACE\\PROJECTS\\GESCOM\\WEBSITE\\GESCOM_LARAVEL_FireBaseXDrive\\vendor\\laravel\\framework\\src\\Illuminate\\Container\\Container.php(1211): ReflectionClass->newInstanceArgs(Array)
#3 C:\\AUTRES\\ALL WORKSPACE\\CODE~UNIVERSE\\VSC WORKSPACE\\PROJECTS\\GESCOM\\WEBSITE\\GESCOM_LARAVEL_FireBaseXDrive\\vendor\\laravel\\framework\\src\\Illuminate\\Container\\Container.php(972): Illuminate\\Container\\Container->build('App\\\\Services\\\\Go...')
#4 C:\\AUTRES\\ALL WORKSPACE\\CODE~UNIVERSE\\VSC WORKSPACE\\PROJECTS\\GESCOM\\WEBSITE\\GESCOM_LARAVEL_FireBaseXDrive\\vendor\\laravel\\framework\\src\\Illuminate\\Foundation\\Application.php(1078): Illuminate\\Container\\Container->resolve('App\\\\Services\\\\Go...', Array, true)
#5 C:\\AUTRES\\ALL WORKSPACE\\CODE~UNIVERSE\\VSC WORKSPACE\\PROJECTS\\GESCOM\\WEBSITE\\GESCOM_LARAVEL_FireBaseXDrive\\vendor\\laravel\\framework\\src\\Illuminate\\Container\\Container.php(903): Illuminate\\Foundation\\Application->resolve('App\\\\Services\\\\Go...', Array)
#6 C:\\AUTRES\\ALL WORKSPACE\\CODE~UNIVERSE\\VSC WORKSPACE\\PROJECTS\\GESCOM\\WEBSITE\\GESCOM_LARAVEL_FireBaseXDrive\\vendor\\laravel\\framework\\src\\Illuminate\\Foundation\\Application.php(1058): Illuminate\\Container\\Container->make('App\\\\Services\\\\Go...', Array)
#7 C:\\AUTRES\\ALL WORKSPACE\\CODE~UNIVERSE\\VSC WORKSPACE\\PROJECTS\\GESCOM\\WEBSITE\\GESCOM_LARAVEL_FireBaseXDrive\\vendor\\laravel\\framework\\src\\Illuminate\\Container\\Container.php(1379): Illuminate\\Foundation\\Application->make('App\\\\Services\\\\Go...')
#8 C:\\AUTRES\\ALL WORKSPACE\\CODE~UNIVERSE\\VSC WORKSPACE\\PROJECTS\\GESCOM\\WEBSITE\\GESCOM_LARAVEL_FireBaseXDrive\\vendor\\laravel\\framework\\src\\Illuminate\\Container\\Container.php(1278): Illuminate\\Container\\Container->resolveClass(Object(ReflectionParameter))
#9 C:\\AUTRES\\ALL WORKSPACE\\CODE~UNIVERSE\\VSC WORKSPACE\\PROJECTS\\GESCOM\\WEBSITE\\GESCOM_LARAVEL_FireBaseXDrive\\vendor\\laravel\\framework\\src\\Illuminate\\Container\\Container.php(1201): Illuminate\\Container\\Container->resolveDependencies(Array)
#10 C:\\AUTRES\\ALL WORKSPACE\\CODE~UNIVERSE\\VSC WORKSPACE\\PROJECTS\\GESCOM\\WEBSITE\\GESCOM_LARAVEL_FireBaseXDrive\\vendor\\laravel\\framework\\src\\Illuminate\\Container\\Container.php(972): Illuminate\\Container\\Container->build('App\\\\Http\\\\Contro...')
#11 C:\\AUTRES\\ALL WORKSPACE\\CODE~UNIVERSE\\VSC WORKSPACE\\PROJECTS\\GESCOM\\WEBSITE\\GESCOM_LARAVEL_FireBaseXDrive\\vendor\\laravel\\framework\\src\\Illuminate\\Foundation\\Application.php(1078): Illuminate\\Container\\Container->resolve('App\\\\Http\\\\Contro...', Array, true)
#12 C:\\AUTRES\\ALL WORKSPACE\\CODE~UNIVERSE\\VSC WORKSPACE\\PROJECTS\\GESCOM\\WEBSITE\\GESCOM_LARAVEL_FireBaseXDrive\\vendor\\laravel\\framework\\src\\Illuminate\\Container\\Container.php(903): Illuminate\\Foundation\\Application->resolve('App\\\\Http\\\\Contro...', Array)
#13 C:\\AUTRES\\ALL WORKSPACE\\CODE~UNIVERSE\\VSC WORKSPACE\\PROJECTS\\GESCOM\\WEBSITE\\GESCOM_LARAVEL_FireBaseXDrive\\vendor\\laravel\\framework\\src\\Illuminate\\Foundation\\Application.php(1058): Illuminate\\Container\\Container->make('App\\\\Http\\\\Contro...', Array)
#14 C:\\AUTRES\\ALL WORKSPACE\\CODE~UNIVERSE\\VSC WORKSPACE\\PROJECTS\\GESCOM\\WEBSITE\\GESCOM_LARAVEL_FireBaseXDrive\\vendor\\laravel\\framework\\src\\Illuminate\\Routing\\Route.php(286): Illuminate\\Foundation\\Application->make('App\\\\Http\\\\Contro...')
#15 C:\\AUTRES\\ALL WORKSPACE\\CODE~UNIVERSE\\VSC WORKSPACE\\PROJECTS\\GESCOM\\WEBSITE\\GESCOM_LARAVEL_FireBaseXDrive\\vendor\\laravel\\framework\\src\\Illuminate\\Routing\\Route.php(266): Illuminate\\Routing\\Route->getController()
#16 C:\\AUTRES\\ALL WORKSPACE\\CODE~UNIVERSE\\VSC WORKSPACE\\PROJECTS\\GESCOM\\WEBSITE\\GESCOM_LARAVEL_FireBaseXDrive\\vendor\\laravel\\framework\\src\\Illuminate\\Routing\\Route.php(211): Illuminate\\Routing\\Route->runController()
#17 C:\\AUTRES\\ALL WORKSPACE\\CODE~UNIVERSE\\VSC WORKSPACE\\PROJECTS\\GESCOM\\WEBSITE\\GESCOM_LARAVEL_FireBaseXDrive\\vendor\\laravel\\framework\\src\\Illuminate\\Routing\\Router.php(822): Illuminate\\Routing\\Route->run()
#18 C:\\AUTRES\\ALL WORKSPACE\\CODE~UNIVERSE\\VSC WORKSPACE\\PROJECTS\\GESCOM\\WEBSITE\\GESCOM_LARAVEL_FireBaseXDrive\\vendor\\laravel\\framework\\src\\Illuminate\\Pipeline\\Pipeline.php(180): Illuminate\\Routing\\Router->Illuminate\\Routing\\{closure}(Object(Illuminate\\Http\\Request))
#19 C:\\AUTRES\\ALL WORKSPACE\\CODE~UNIVERSE\\VSC WORKSPACE\\PROJECTS\\GESCOM\\WEBSITE\\GESCOM_LARAVEL_FireBaseXDrive\\app\\Http\\Middleware\\FirebaseTokenMiddleware.php(46): Illuminate\\Pipeline\\Pipeline->Illuminate\\Pipeline\\{closure}(Object(Illuminate\\Http\\Request))
#20 C:\\AUTRES\\ALL WORKSPACE\\CODE~UNIVERSE\\VSC WORKSPACE\\PROJECTS\\GESCOM\\WEBSITE\\GESCOM_LARAVEL_FireBaseXDrive\\vendor\\laravel\\framework\\src\\Illuminate\\Pipeline\\Pipeline.php(219): App\\Http\\Middleware\\FirebaseTokenMiddleware->handle(Object(Illuminate\\Http\\Request), Object(Closure))
#21 C:\\AUTRES\\ALL WORKSPACE\\CODE~UNIVERSE\\VSC WORKSPACE\\PROJECTS\\GESCOM\\WEBSITE\\GESCOM_LARAVEL_FireBaseXDrive\\vendor\\laravel\\framework\\src\\Illuminate\\Routing\\Middleware\\SubstituteBindings.php(50): Illuminate\\Pipeline\\Pipeline->Illuminate\\Pipeline\\{closure}(Object(Illuminate\\Http\\Request))
#22 C:\\AUTRES\\ALL WORKSPACE\\CODE~UNIVERSE\\VSC WORKSPACE\\PROJECTS\\GESCOM\\WEBSITE\\GESCOM_LARAVEL_FireBaseXDrive\\vendor\\laravel\\framework\\src\\Illuminate\\Pipeline\\Pipeline.php(219): Illuminate\\Routing\\Middleware\\SubstituteBindings->handle(Object(Illuminate\\Http\\Request), Object(Closure))
#23 C:\\AUTRES\\ALL WORKSPACE\\CODE~UNIVERSE\\VSC WORKSPACE\\PROJECTS\\GESCOM\\WEBSITE\\GESCOM_LARAVEL_FireBaseXDrive\\vendor\\laravel\\framework\\src\\Illuminate\\Pipeline\\Pipeline.php(137): Illuminate\\Pipeline\\Pipeline->Illuminate\\Pipeline\\{closure}(Object(Illuminate\\Http\\Request))
#24 C:\\AUTRES\\ALL WORKSPACE\\CODE~UNIVERSE\\VSC WORKSPACE\\PROJECTS\\GESCOM\\WEBSITE\\GESCOM_LARAVEL_FireBaseXDrive\\vendor\\laravel\\framework\\src\\Illuminate\\Routing\\Router.php(821): Illuminate\\Pipeline\\Pipeline->then(Object(Closure))
#25 C:\\AUTRES\\ALL WORKSPACE\\CODE~UNIVERSE\\VSC WORKSPACE\\PROJECTS\\GESCOM\\WEBSITE\\GESCOM_LARAVEL_FireBaseXDrive\\vendor\\laravel\\framework\\src\\Illuminate\\Routing\\Router.php(800): Illuminate\\Routing\\Router->runRouteWithinStack(Object(Illuminate\\Routing\\Route), Object(Illuminate\\Http\\Request))
#26 C:\\AUTRES\\ALL WORKSPACE\\CODE~UNIVERSE\\VSC WORKSPACE\\PROJECTS\\GESCOM\\WEBSITE\\GESCOM_LARAVEL_FireBaseXDrive\\vendor\\laravel\\framework\\src\\Illuminate\\Routing\\Router.php(764): Illuminate\\Routing\\Router->runRoute(Object(Illuminate\\Http\\Request), Object(Illuminate\\Routing\\Route))
#27 C:\\AUTRES\\ALL WORKSPACE\\CODE~UNIVERSE\\VSC WORKSPACE\\PROJECTS\\GESCOM\\WEBSITE\\GESCOM_LARAVEL_FireBaseXDrive\\vendor\\laravel\\framework\\src\\Illuminate\\Routing\\Router.php(753): Illuminate\\Routing\\Router->dispatchToRoute(Object(Illuminate\\Http\\Request))
#28 C:\\AUTRES\\ALL WORKSPACE\\CODE~UNIVERSE\\VSC WORKSPACE\\PROJECTS\\GESCOM\\WEBSITE\\GESCOM_LARAVEL_FireBaseXDrive\\vendor\\laravel\\framework\\src\\Illuminate\\Foundation\\Http\\Kernel.php(200): Illuminate\\Routing\\Router->dispatch(Object(Illuminate\\Http\\Request))
#29 C:\\AUTRES\\ALL WORKSPACE\\CODE~UNIVERSE\\VSC WORKSPACE\\PROJECTS\\GESCOM\\WEBSITE\\GESCOM_LARAVEL_FireBaseXDrive\\vendor\\laravel\\framework\\src\\Illuminate\\Pipeline\\Pipeline.php(180): Illuminate\\Foundation\\Http\\Kernel->Illuminate\\Foundation\\Http\\{closure}(Object(Illuminate\\Http\\Request))
#30 C:\\AUTRES\\ALL WORKSPACE\\CODE~UNIVERSE\\VSC WORKSPACE\\PROJECTS\\GESCOM\\WEBSITE\\GESCOM_LARAVEL_FireBaseXDrive\\vendor\\laravel\\framework\\src\\Illuminate\\Foundation\\Http\\Middleware\\TransformsRequest.php(21): Illuminate\\Pipeline\\Pipeline->Illuminate\\Pipeline\\{closure}(Object(Illuminate\\Http\\Request))
#31 C:\\AUTRES\\ALL WORKSPACE\\CODE~UNIVERSE\\VSC WORKSPACE\\PROJECTS\\GESCOM\\WEBSITE\\GESCOM_LARAVEL_FireBaseXDrive\\vendor\\laravel\\framework\\src\\Illuminate\\Foundation\\Http\\Middleware\\ConvertEmptyStringsToNull.php(31): Illuminate\\Foundation\\Http\\Middleware\\TransformsRequest->handle(Object(Illuminate\\Http\\Request), Object(Closure))
#32 C:\\AUTRES\\ALL WORKSPACE\\CODE~UNIVERSE\\VSC WORKSPACE\\PROJECTS\\GESCOM\\WEBSITE\\GESCOM_LARAVEL_FireBaseXDrive\\vendor\\laravel\\framework\\src\\Illuminate\\Pipeline\\Pipeline.php(219): Illuminate\\Foundation\\Http\\Middleware\\ConvertEmptyStringsToNull->handle(Object(Illuminate\\Http\\Request), Object(Closure))
#33 C:\\AUTRES\\ALL WORKSPACE\\CODE~UNIVERSE\\VSC WORKSPACE\\PROJECTS\\GESCOM\\WEBSITE\\GESCOM_LARAVEL_FireBaseXDrive\\vendor\\laravel\\framework\\src\\Illuminate\\Foundation\\Http\\Middleware\\TransformsRequest.php(21): Illuminate\\Pipeline\\Pipeline->Illuminate\\Pipeline\\{closure}(Object(Illuminate\\Http\\Request))
#34 C:\\AUTRES\\ALL WORKSPACE\\CODE~UNIVERSE\\VSC WORKSPACE\\PROJECTS\\GESCOM\\WEBSITE\\GESCOM_LARAVEL_FireBaseXDrive\\vendor\\laravel\\framework\\src\\Illuminate\\Foundation\\Http\\Middleware\\TrimStrings.php(51): Illuminate\\Foundation\\Http\\Middleware\\TransformsRequest->handle(Object(Illuminate\\Http\\Request), Object(Closure))
#35 C:\\AUTRES\\ALL WORKSPACE\\CODE~UNIVERSE\\VSC WORKSPACE\\PROJECTS\\GESCOM\\WEBSITE\\GESCOM_LARAVEL_FireBaseXDrive\\vendor\\laravel\\framework\\src\\Illuminate\\Pipeline\\Pipeline.php(219): Illuminate\\Foundation\\Http\\Middleware\\TrimStrings->handle(Object(Illuminate\\Http\\Request), Object(Closure))
#36 C:\\AUTRES\\ALL WORKSPACE\\CODE~UNIVERSE\\VSC WORKSPACE\\PROJECTS\\GESCOM\\WEBSITE\\GESCOM_LARAVEL_FireBaseXDrive\\vendor\\laravel\\framework\\src\\Illuminate\\Http\\Middleware\\ValidatePostSize.php(27): Illuminate\\Pipeline\\Pipeline->Illuminate\\Pipeline\\{closure}(Object(Illuminate\\Http\\Request))
#37 C:\\AUTRES\\ALL WORKSPACE\\CODE~UNIVERSE\\VSC WORKSPACE\\PROJECTS\\GESCOM\\WEBSITE\\GESCOM_LARAVEL_FireBaseXDrive\\vendor\\laravel\\framework\\src\\Illuminate\\Pipeline\\Pipeline.php(219): Illuminate\\Http\\Middleware\\ValidatePostSize->handle(Object(Illuminate\\Http\\Request), Object(Closure))
#38 C:\\AUTRES\\ALL WORKSPACE\\CODE~UNIVERSE\\VSC WORKSPACE\\PROJECTS\\GESCOM\\WEBSITE\\GESCOM_LARAVEL_FireBaseXDrive\\vendor\\laravel\\framework\\src\\Illuminate\\Foundation\\Http\\Middleware\\PreventRequestsDuringMaintenance.php(109): Illuminate\\Pipeline\\Pipeline->Illuminate\\Pipeline\\{closure}(Object(Illuminate\\Http\\Request))
#39 C:\\AUTRES\\ALL WORKSPACE\\CODE~UNIVERSE\\VSC WORKSPACE\\PROJECTS\\GESCOM\\WEBSITE\\GESCOM_LARAVEL_FireBaseXDrive\\vendor\\laravel\\framework\\src\\Illuminate\\Pipeline\\Pipeline.php(219): Illuminate\\Foundation\\Http\\Middleware\\PreventRequestsDuringMaintenance->handle(Object(Illuminate\\Http\\Request), Object(Closure))
#40 C:\\AUTRES\\ALL WORKSPACE\\CODE~UNIVERSE\\VSC WORKSPACE\\PROJECTS\\GESCOM\\WEBSITE\\GESCOM_LARAVEL_FireBaseXDrive\\vendor\\laravel\\framework\\src\\Illuminate\\Http\\Middleware\\HandleCors.php(61): Illuminate\\Pipeline\\Pipeline->Illuminate\\Pipeline\\{closure}(Object(Illuminate\\Http\\Request))
#41 C:\\AUTRES\\ALL WORKSPACE\\CODE~UNIVERSE\\VSC WORKSPACE\\PROJECTS\\GESCOM\\WEBSITE\\GESCOM_LARAVEL_FireBaseXDrive\\vendor\\laravel\\framework\\src\\Illuminate\\Pipeline\\Pipeline.php(219): Illuminate\\Http\\Middleware\\HandleCors->handle(Object(Illuminate\\Http\\Request), Object(Closure))
#42 C:\\AUTRES\\ALL WORKSPACE\\CODE~UNIVERSE\\VSC WORKSPACE\\PROJECTS\\GESCOM\\WEBSITE\\GESCOM_LARAVEL_FireBaseXDrive\\vendor\\laravel\\framework\\src\\Illuminate\\Http\\Middleware\\TrustProxies.php(58): Illuminate\\Pipeline\\Pipeline->Illuminate\\Pipeline\\{closure}(Object(Illuminate\\Http\\Request))
#43 C:\\AUTRES\\ALL WORKSPACE\\CODE~UNIVERSE\\VSC WORKSPACE\\PROJECTS\\GESCOM\\WEBSITE\\GESCOM_LARAVEL_FireBaseXDrive\\vendor\\laravel\\framework\\src\\Illuminate\\Pipeline\\Pipeline.php(219): Illuminate\\Http\\Middleware\\TrustProxies->handle(Object(Illuminate\\Http\\Request), Object(Closure))
#44 C:\\AUTRES\\ALL WORKSPACE\\CODE~UNIVERSE\\VSC WORKSPACE\\PROJECTS\\GESCOM\\WEBSITE\\GESCOM_LARAVEL_FireBaseXDrive\\vendor\\laravel\\framework\\src\\Illuminate\\Foundation\\Http\\Middleware\\InvokeDeferredCallbacks.php(22): Illuminate\\Pipeline\\Pipeline->Illuminate\\Pipeline\\{closure}(Object(Illuminate\\Http\\Request))
#45 C:\\AUTRES\\ALL WORKSPACE\\CODE~UNIVERSE\\VSC WORKSPACE\\PROJECTS\\GESCOM\\WEBSITE\\GESCOM_LARAVEL_FireBaseXDrive\\vendor\\laravel\\framework\\src\\Illuminate\\Pipeline\\Pipeline.php(219): Illuminate\\Foundation\\Http\\Middleware\\InvokeDeferredCallbacks->handle(Object(Illuminate\\Http\\Request), Object(Closure))
#46 C:\\AUTRES\\ALL WORKSPACE\\CODE~UNIVERSE\\VSC WORKSPACE\\PROJECTS\\GESCOM\\WEBSITE\\GESCOM_LARAVEL_FireBaseXDrive\\vendor\\laravel\\framework\\src\\Illuminate\\Http\\Middleware\\ValidatePathEncoding.php(26): Illuminate\\Pipeline\\Pipeline->Illuminate\\Pipeline\\{closure}(Object(Illuminate\\Http\\Request))
#47 C:\\AUTRES\\ALL WORKSPACE\\CODE~UNIVERSE\\VSC WORKSPACE\\PROJECTS\\GESCOM\\WEBSITE\\GESCOM_LARAVEL_FireBaseXDrive\\vendor\\laravel\\framework\\src\\Illuminate\\Pipeline\\Pipeline.php(219): Illuminate\\Http\\Middleware\\ValidatePathEncoding->handle(Object(Illuminate\\Http\\Request), Object(Closure))
#48 C:\\AUTRES\\ALL WORKSPACE\\CODE~UNIVERSE\\VSC WORKSPACE\\PROJECTS\\GESCOM\\WEBSITE\\GESCOM_LARAVEL_FireBaseXDrive\\vendor\\laravel\\framework\\src\\Illuminate\\Pipeline\\Pipeline.php(137): Illuminate\\Pipeline\\Pipeline->Illuminate\\Pipeline\\{closure}(Object(Illuminate\\Http\\Request))
#49 C:\\AUTRES\\ALL WORKSPACE\\CODE~UNIVERSE\\VSC WORKSPACE\\PROJECTS\\GESCOM\\WEBSITE\\GESCOM_LARAVEL_FireBaseXDrive\\vendor\\laravel\\framework\\src\\Illuminate\\Foundation\\Http\\Kernel.php(175): Illuminate\\Pipeline\\Pipeline->then(Object(Closure))
#50 C:\\AUTRES\\ALL WORKSPACE\\CODE~UNIVERSE\\VSC WORKSPACE\\PROJECTS\\GESCOM\\WEBSITE\\GESCOM_LARAVEL_FireBaseXDrive\\vendor\\laravel\\framework\\src\\Illuminate\\Foundation\\Http\\Kernel.php(144): Illuminate\\Foundation\\Http\\Kernel->sendRequestThroughRouter(Object(Illuminate\\Http\\Request))
#51 C:\\AUTRES\\ALL WORKSPACE\\CODE~UNIVERSE\\VSC WORKSPACE\\PROJECTS\\GESCOM\\WEBSITE\\GESCOM_LARAVEL_FireBaseXDrive\\vendor\\laravel\\framework\\src\\Illuminate\\Foundation\\Application.php(1220): Illuminate\\Foundation\\Http\\Kernel->handle(Object(Illuminate\\Http\\Request))
#52 C:\\AUTRES\\ALL WORKSPACE\\CODE~UNIVERSE\\VSC WORKSPACE\\PROJECTS\\GESCOM\\WEBSITE\\GESCOM_LARAVEL_FireBaseXDrive\\public\\index.php(20): Illuminate\\Foundation\\Application->handleRequest(Object(Illuminate\\Http\\Request))
#53 C:\\AUTRES\\ALL WORKSPACE\\CODE~UNIVERSE\\VSC WORKSPACE\\PROJECTS\\GESCOM\\WEBSITE\\GESCOM_LARAVEL_FireBaseXDrive\\vendor\\laravel\\framework\\src\\Illuminate\\Foundation\\resources\\server.php(23): require_once('C:\\\\AUTRES\\\\ALL W...')
#54 {main}
"} 
[2025-10-22 21:57:50] local.ERROR: Class "Google\Client" not found {"userId":"4","exception":"[object] (Error(code: 0): Class \"Google\\Client\" not found at C:\\AUTRES\\ALL WORKSPACE\\CODE~UNIVERSE\\VSC WORKSPACE\\PROJECTS\\GESCOM\\WEBSITE\\GESCOM_LARAVEL_FireBaseXDrive\\app\\Services\\GoogleDriveService.php:27)
[stacktrace]
#0 C:\\AUTRES\\ALL WORKSPACE\\CODE~UNIVERSE\\VSC WORKSPACE\\PROJECTS\\GESCOM\\WEBSITE\\GESCOM_LARAVEL_FireBaseXDrive\\app\\Services\\GoogleDriveService.php(19): App\\Services\\GoogleDriveService->initializeDriveService()
#1 [internal function]: App\\Services\\GoogleDriveService->__construct()
#2 C:\\AUTRES\\ALL WORKSPACE\\CODE~UNIVERSE\\VSC WORKSPACE\\PROJECTS\\GESCOM\\WEBSITE\\GESCOM_LARAVEL_FireBaseXDrive\\vendor\\laravel\\framework\\src\\Illuminate\\Container\\Container.php(1211): ReflectionClass->newInstanceArgs(Array)
#3 C:\\AUTRES\\ALL WORKSPACE\\CODE~UNIVERSE\\VSC WORKSPACE\\PROJECTS\\GESCOM\\WEBSITE\\GESCOM_LARAVEL_FireBaseXDrive\\vendor\\laravel\\framework\\src\\Illuminate\\Container\\Container.php(972): Illuminate\\Container\\Container->build('App\\\\Services\\\\Go...')
#4 C:\\AUTRES\\ALL WORKSPACE\\CODE~UNIVERSE\\VSC WORKSPACE\\PROJECTS\\GESCOM\\WEBSITE\\GESCOM_LARAVEL_FireBaseXDrive\\vendor\\laravel\\framework\\src\\Illuminate\\Foundation\\Application.php(1078): Illuminate\\Container\\Container->resolve('App\\\\Services\\\\Go...', Array, true)
#5 C:\\AUTRES\\ALL WORKSPACE\\CODE~UNIVERSE\\VSC WORKSPACE\\PROJECTS\\GESCOM\\WEBSITE\\GESCOM_LARAVEL_FireBaseXDrive\\vendor\\laravel\\framework\\src\\Illuminate\\Container\\Container.php(903): Illuminate\\Foundation\\Application->resolve('App\\\\Services\\\\Go...', Array)
#6 C:\\AUTRES\\ALL WORKSPACE\\CODE~UNIVERSE\\VSC WORKSPACE\\PROJECTS\\GESCOM\\WEBSITE\\GESCOM_LARAVEL_FireBaseXDrive\\vendor\\laravel\\framework\\src\\Illuminate\\Foundation\\Application.php(1058): Illuminate\\Container\\Container->make('App\\\\Services\\\\Go...', Array)
#7 C:\\AUTRES\\ALL WORKSPACE\\CODE~UNIVERSE\\VSC WORKSPACE\\PROJECTS\\GESCOM\\WEBSITE\\GESCOM_LARAVEL_FireBaseXDrive\\vendor\\laravel\\framework\\src\\Illuminate\\Container\\Container.php(1379): Illuminate\\Foundation\\Application->make('App\\\\Services\\\\Go...')
#8 C:\\AUTRES\\ALL WORKSPACE\\CODE~UNIVERSE\\VSC WORKSPACE\\PROJECTS\\GESCOM\\WEBSITE\\GESCOM_LARAVEL_FireBaseXDrive\\vendor\\laravel\\framework\\src\\Illuminate\\Container\\Container.php(1278): Illuminate\\Container\\Container->resolveClass(Object(ReflectionParameter))
#9 C:\\AUTRES\\ALL WORKSPACE\\CODE~UNIVERSE\\VSC WORKSPACE\\PROJECTS\\GESCOM\\WEBSITE\\GESCOM_LARAVEL_FireBaseXDrive\\vendor\\laravel\\framework\\src\\Illuminate\\Container\\Container.php(1201): Illuminate\\Container\\Container->resolveDependencies(Array)
#10 C:\\AUTRES\\ALL WORKSPACE\\CODE~UNIVERSE\\VSC WORKSPACE\\PROJECTS\\GESCOM\\WEBSITE\\GESCOM_LARAVEL_FireBaseXDrive\\vendor\\laravel\\framework\\src\\Illuminate\\Container\\Container.php(972): Illuminate\\Container\\Container->build('App\\\\Http\\\\Contro...')
#11 C:\\AUTRES\\ALL WORKSPACE\\CODE~UNIVERSE\\VSC WORKSPACE\\PROJECTS\\GESCOM\\WEBSITE\\GESCOM_LARAVEL_FireBaseXDrive\\vendor\\laravel\\framework\\src\\Illuminate\\Foundation\\Application.php(1078): Illuminate\\Container\\Container->resolve('App\\\\Http\\\\Contro...', Array, true)
#12 C:\\AUTRES\\ALL WORKSPACE\\CODE~UNIVERSE\\VSC WORKSPACE\\PROJECTS\\GESCOM\\WEBSITE\\GESCOM_LARAVEL_FireBaseXDrive\\vendor\\laravel\\framework\\src\\Illuminate\\Container\\Container.php(903): Illuminate\\Foundation\\Application->resolve('App\\\\Http\\\\Contro...', Array)
#13 C:\\AUTRES\\ALL WORKSPACE\\CODE~UNIVERSE\\VSC WORKSPACE\\PROJECTS\\GESCOM\\WEBSITE\\GESCOM_LARAVEL_FireBaseXDrive\\vendor\\laravel\\framework\\src\\Illuminate\\Foundation\\Application.php(1058): Illuminate\\Container\\Container->make('App\\\\Http\\\\Contro...', Array)
#14 C:\\AUTRES\\ALL WORKSPACE\\CODE~UNIVERSE\\VSC WORKSPACE\\PROJECTS\\GESCOM\\WEBSITE\\GESCOM_LARAVEL_FireBaseXDrive\\vendor\\laravel\\framework\\src\\Illuminate\\Routing\\Route.php(286): Illuminate\\Foundation\\Application->make('App\\\\Http\\\\Contro...')
#15 C:\\AUTRES\\ALL WORKSPACE\\CODE~UNIVERSE\\VSC WORKSPACE\\PROJECTS\\GESCOM\\WEBSITE\\GESCOM_LARAVEL_FireBaseXDrive\\vendor\\laravel\\framework\\src\\Illuminate\\Routing\\Route.php(266): Illuminate\\Routing\\Route->getController()
#16 C:\\AUTRES\\ALL WORKSPACE\\CODE~UNIVERSE\\VSC WORKSPACE\\PROJECTS\\GESCOM\\WEBSITE\\GESCOM_LARAVEL_FireBaseXDrive\\vendor\\laravel\\framework\\src\\Illuminate\\Routing\\Route.php(211): Illuminate\\Routing\\Route->runController()
#17 C:\\AUTRES\\ALL WORKSPACE\\CODE~UNIVERSE\\VSC WORKSPACE\\PROJECTS\\GESCOM\\WEBSITE\\GESCOM_LARAVEL_FireBaseXDrive\\vendor\\laravel\\framework\\src\\Illuminate\\Routing\\Router.php(822): Illuminate\\Routing\\Route->run()
#18 C:\\AUTRES\\ALL WORKSPACE\\CODE~UNIVERSE\\VSC WORKSPACE\\PROJECTS\\GESCOM\\WEBSITE\\GESCOM_LARAVEL_FireBaseXDrive\\vendor\\laravel\\framework\\src\\Illuminate\\Pipeline\\Pipeline.php(180): Illuminate\\Routing\\Router->Illuminate\\Routing\\{closure}(Object(Illuminate\\Http\\Request))
#19 C:\\AUTRES\\ALL WORKSPACE\\CODE~UNIVERSE\\VSC WORKSPACE\\PROJECTS\\GESCOM\\WEBSITE\\GESCOM_LARAVEL_FireBaseXDrive\\app\\Http\\Middleware\\FirebaseTokenMiddleware.php(46): Illuminate\\Pipeline\\Pipeline->Illuminate\\Pipeline\\{closure}(Object(Illuminate\\Http\\Request))
#20 C:\\AUTRES\\ALL WORKSPACE\\CODE~UNIVERSE\\VSC WORKSPACE\\PROJECTS\\GESCOM\\WEBSITE\\GESCOM_LARAVEL_FireBaseXDrive\\vendor\\laravel\\framework\\src\\Illuminate\\Pipeline\\Pipeline.php(219): App\\Http\\Middleware\\FirebaseTokenMiddleware->handle(Object(Illuminate\\Http\\Request), Object(Closure))
#21 C:\\AUTRES\\ALL WORKSPACE\\CODE~UNIVERSE\\VSC WORKSPACE\\PROJECTS\\GESCOM\\WEBSITE\\GESCOM_LARAVEL_FireBaseXDrive\\vendor\\laravel\\framework\\src\\Illuminate\\Routing\\Middleware\\SubstituteBindings.php(50): Illuminate\\Pipeline\\Pipeline->Illuminate\\Pipeline\\{closure}(Object(Illuminate\\Http\\Request))
#22 C:\\AUTRES\\ALL WORKSPACE\\CODE~UNIVERSE\\VSC WORKSPACE\\PROJECTS\\GESCOM\\WEBSITE\\GESCOM_LARAVEL_FireBaseXDrive\\vendor\\laravel\\framework\\src\\Illuminate\\Pipeline\\Pipeline.php(219): Illuminate\\Routing\\Middleware\\SubstituteBindings->handle(Object(Illuminate\\Http\\Request), Object(Closure))
#23 C:\\AUTRES\\ALL WORKSPACE\\CODE~UNIVERSE\\VSC WORKSPACE\\PROJECTS\\GESCOM\\WEBSITE\\GESCOM_LARAVEL_FireBaseXDrive\\vendor\\laravel\\framework\\src\\Illuminate\\Pipeline\\Pipeline.php(137): Illuminate\\Pipeline\\Pipeline->Illuminate\\Pipeline\\{closure}(Object(Illuminate\\Http\\Request))
#24 C:\\AUTRES\\ALL WORKSPACE\\CODE~UNIVERSE\\VSC WORKSPACE\\PROJECTS\\GESCOM\\WEBSITE\\GESCOM_LARAVEL_FireBaseXDrive\\vendor\\laravel\\framework\\src\\Illuminate\\Routing\\Router.php(821): Illuminate\\Pipeline\\Pipeline->then(Object(Closure))
#25 C:\\AUTRES\\ALL WORKSPACE\\CODE~UNIVERSE\\VSC WORKSPACE\\PROJECTS\\GESCOM\\WEBSITE\\GESCOM_LARAVEL_FireBaseXDrive\\vendor\\laravel\\framework\\src\\Illuminate\\Routing\\Router.php(800): Illuminate\\Routing\\Router->runRouteWithinStack(Object(Illuminate\\Routing\\Route), Object(Illuminate\\Http\\Request))
#26 C:\\AUTRES\\ALL WORKSPACE\\CODE~UNIVERSE\\VSC WORKSPACE\\PROJECTS\\GESCOM\\WEBSITE\\GESCOM_LARAVEL_FireBaseXDrive\\vendor\\laravel\\framework\\src\\Illuminate\\Routing\\Router.php(764): Illuminate\\Routing\\Router->runRoute(Object(Illuminate\\Http\\Request), Object(Illuminate\\Routing\\Route))
#27 C:\\AUTRES\\ALL WORKSPACE\\CODE~UNIVERSE\\VSC WORKSPACE\\PROJECTS\\GESCOM\\WEBSITE\\GESCOM_LARAVEL_FireBaseXDrive\\vendor\\laravel\\framework\\src\\Illuminate\\Routing\\Router.php(753): Illuminate\\Routing\\Router->dispatchToRoute(Object(Illuminate\\Http\\Request))
#28 C:\\AUTRES\\ALL WORKSPACE\\CODE~UNIVERSE\\VSC WORKSPACE\\PROJECTS\\GESCOM\\WEBSITE\\GESCOM_LARAVEL_FireBaseXDrive\\vendor\\laravel\\framework\\src\\Illuminate\\Foundation\\Http\\Kernel.php(200): Illuminate\\Routing\\Router->dispatch(Object(Illuminate\\Http\\Request))
#29 C:\\AUTRES\\ALL WORKSPACE\\CODE~UNIVERSE\\VSC WORKSPACE\\PROJECTS\\GESCOM\\WEBSITE\\GESCOM_LARAVEL_FireBaseXDrive\\vendor\\laravel\\framework\\src\\Illuminate\\Pipeline\\Pipeline.php(180): Illuminate\\Foundation\\Http\\Kernel->Illuminate\\Foundation\\Http\\{closure}(Object(Illuminate\\Http\\Request))
#30 C:\\AUTRES\\ALL WORKSPACE\\CODE~UNIVERSE\\VSC WORKSPACE\\PROJECTS\\GESCOM\\WEBSITE\\GESCOM_LARAVEL_FireBaseXDrive\\vendor\\laravel\\framework\\src\\Illuminate\\Foundation\\Http\\Middleware\\TransformsRequest.php(21): Illuminate\\Pipeline\\Pipeline->Illuminate\\Pipeline\\{closure}(Object(Illuminate\\Http\\Request))
#31 C:\\AUTRES\\ALL WORKSPACE\\CODE~UNIVERSE\\VSC WORKSPACE\\PROJECTS\\GESCOM\\WEBSITE\\GESCOM_LARAVEL_FireBaseXDrive\\vendor\\laravel\\framework\\src\\Illuminate\\Foundation\\Http\\Middleware\\ConvertEmptyStringsToNull.php(31): Illuminate\\Foundation\\Http\\Middleware\\TransformsRequest->handle(Object(Illuminate\\Http\\Request), Object(Closure))
#32 C:\\AUTRES\\ALL WORKSPACE\\CODE~UNIVERSE\\VSC WORKSPACE\\PROJECTS\\GESCOM\\WEBSITE\\GESCOM_LARAVEL_FireBaseXDrive\\vendor\\laravel\\framework\\src\\Illuminate\\Pipeline\\Pipeline.php(219): Illuminate\\Foundation\\Http\\Middleware\\ConvertEmptyStringsToNull->handle(Object(Illuminate\\Http\\Request), Object(Closure))
#33 C:\\AUTRES\\ALL WORKSPACE\\CODE~UNIVERSE\\VSC WORKSPACE\\PROJECTS\\GESCOM\\WEBSITE\\GESCOM_LARAVEL_FireBaseXDrive\\vendor\\laravel\\framework\\src\\Illuminate\\Foundation\\Http\\Middleware\\TransformsRequest.php(21): Illuminate\\Pipeline\\Pipeline->Illuminate\\Pipeline\\{closure}(Object(Illuminate\\Http\\Request))
#34 C:\\AUTRES\\ALL WORKSPACE\\CODE~UNIVERSE\\VSC WORKSPACE\\PROJECTS\\GESCOM\\WEBSITE\\GESCOM_LARAVEL_FireBaseXDrive\\vendor\\laravel\\framework\\src\\Illuminate\\Foundation\\Http\\Middleware\\TrimStrings.php(51): Illuminate\\Foundation\\Http\\Middleware\\TransformsRequest->handle(Object(Illuminate\\Http\\Request), Object(Closure))
#35 C:\\AUTRES\\ALL WORKSPACE\\CODE~UNIVERSE\\VSC WORKSPACE\\PROJECTS\\GESCOM\\WEBSITE\\GESCOM_LARAVEL_FireBaseXDrive\\vendor\\laravel\\framework\\src\\Illuminate\\Pipeline\\Pipeline.php(219): Illuminate\\Foundation\\Http\\Middleware\\TrimStrings->handle(Object(Illuminate\\Http\\Request), Object(Closure))
#36 C:\\AUTRES\\ALL WORKSPACE\\CODE~UNIVERSE\\VSC WORKSPACE\\PROJECTS\\GESCOM\\WEBSITE\\GESCOM_LARAVEL_FireBaseXDrive\\vendor\\laravel\\framework\\src\\Illuminate\\Http\\Middleware\\ValidatePostSize.php(27): Illuminate\\Pipeline\\Pipeline->Illuminate\\Pipeline\\{closure}(Object(Illuminate\\Http\\Request))
#37 C:\\AUTRES\\ALL WORKSPACE\\CODE~UNIVERSE\\VSC WORKSPACE\\PROJECTS\\GESCOM\\WEBSITE\\GESCOM_LARAVEL_FireBaseXDrive\\vendor\\laravel\\framework\\src\\Illuminate\\Pipeline\\Pipeline.php(219): Illuminate\\Http\\Middleware\\ValidatePostSize->handle(Object(Illuminate\\Http\\Request), Object(Closure))
#38 C:\\AUTRES\\ALL WORKSPACE\\CODE~UNIVERSE\\VSC WORKSPACE\\PROJECTS\\GESCOM\\WEBSITE\\GESCOM_LARAVEL_FireBaseXDrive\\vendor\\laravel\\framework\\src\\Illuminate\\Foundation\\Http\\Middleware\\PreventRequestsDuringMaintenance.php(109): Illuminate\\Pipeline\\Pipeline->Illuminate\\Pipeline\\{closure}(Object(Illuminate\\Http\\Request))
#39 C:\\AUTRES\\ALL WORKSPACE\\CODE~UNIVERSE\\VSC WORKSPACE\\PROJECTS\\GESCOM\\WEBSITE\\GESCOM_LARAVEL_FireBaseXDrive\\vendor\\laravel\\framework\\src\\Illuminate\\Pipeline\\Pipeline.php(219): Illuminate\\Foundation\\Http\\Middleware\\PreventRequestsDuringMaintenance->handle(Object(Illuminate\\Http\\Request), Object(Closure))
#40 C:\\AUTRES\\ALL WORKSPACE\\CODE~UNIVERSE\\VSC WORKSPACE\\PROJECTS\\GESCOM\\WEBSITE\\GESCOM_LARAVEL_FireBaseXDrive\\vendor\\laravel\\framework\\src\\Illuminate\\Http\\Middleware\\HandleCors.php(61): Illuminate\\Pipeline\\Pipeline->Illuminate\\Pipeline\\{closure}(Object(Illuminate\\Http\\Request))
#41 C:\\AUTRES\\ALL WORKSPACE\\CODE~UNIVERSE\\VSC WORKSPACE\\PROJECTS\\GESCOM\\WEBSITE\\GESCOM_LARAVEL_FireBaseXDrive\\vendor\\laravel\\framework\\src\\Illuminate\\Pipeline\\Pipeline.php(219): Illuminate\\Http\\Middleware\\HandleCors->handle(Object(Illuminate\\Http\\Request), Object(Closure))
#42 C:\\AUTRES\\ALL WORKSPACE\\CODE~UNIVERSE\\VSC WORKSPACE\\PROJECTS\\GESCOM\\WEBSITE\\GESCOM_LARAVEL_FireBaseXDrive\\vendor\\laravel\\framework\\src\\Illuminate\\Http\\Middleware\\TrustProxies.php(58): Illuminate\\Pipeline\\Pipeline->Illuminate\\Pipeline\\{closure}(Object(Illuminate\\Http\\Request))
#43 C:\\AUTRES\\ALL WORKSPACE\\CODE~UNIVERSE\\VSC WORKSPACE\\PROJECTS\\GESCOM\\WEBSITE\\GESCOM_LARAVEL_FireBaseXDrive\\vendor\\laravel\\framework\\src\\Illuminate\\Pipeline\\Pipeline.php(219): Illuminate\\Http\\Middleware\\TrustProxies->handle(Object(Illuminate\\Http\\Request), Object(Closure))
#44 C:\\AUTRES\\ALL WORKSPACE\\CODE~UNIVERSE\\VSC WORKSPACE\\PROJECTS\\GESCOM\\WEBSITE\\GESCOM_LARAVEL_FireBaseXDrive\\vendor\\laravel\\framework\\src\\Illuminate\\Foundation\\Http\\Middleware\\InvokeDeferredCallbacks.php(22): Illuminate\\Pipeline\\Pipeline->Illuminate\\Pipeline\\{closure}(Object(Illuminate\\Http\\Request))
#45 C:\\AUTRES\\ALL WORKSPACE\\CODE~UNIVERSE\\VSC WORKSPACE\\PROJECTS\\GESCOM\\WEBSITE\\GESCOM_LARAVEL_FireBaseXDrive\\vendor\\laravel\\framework\\src\\Illuminate\\Pipeline\\Pipeline.php(219): Illuminate\\Foundation\\Http\\Middleware\\InvokeDeferredCallbacks->handle(Object(Illuminate\\Http\\Request), Object(Closure))
#46 C:\\AUTRES\\ALL WORKSPACE\\CODE~UNIVERSE\\VSC WORKSPACE\\PROJECTS\\GESCOM\\WEBSITE\\GESCOM_LARAVEL_FireBaseXDrive\\vendor\\laravel\\framework\\src\\Illuminate\\Http\\Middleware\\ValidatePathEncoding.php(26): Illuminate\\Pipeline\\Pipeline->Illuminate\\Pipeline\\{closure}(Object(Illuminate\\Http\\Request))
#47 C:\\AUTRES\\ALL WORKSPACE\\CODE~UNIVERSE\\VSC WORKSPACE\\PROJECTS\\GESCOM\\WEBSITE\\GESCOM_LARAVEL_FireBaseXDrive\\vendor\\laravel\\framework\\src\\Illuminate\\Pipeline\\Pipeline.php(219): Illuminate\\Http\\Middleware\\ValidatePathEncoding->handle(Object(Illuminate\\Http\\Request), Object(Closure))
#48 C:\\AUTRES\\ALL WORKSPACE\\CODE~UNIVERSE\\VSC WORKSPACE\\PROJECTS\\GESCOM\\WEBSITE\\GESCOM_LARAVEL_FireBaseXDrive\\vendor\\laravel\\framework\\src\\Illuminate\\Pipeline\\Pipeline.php(137): Illuminate\\Pipeline\\Pipeline->Illuminate\\Pipeline\\{closure}(Object(Illuminate\\Http\\Request))
#49 C:\\AUTRES\\ALL WORKSPACE\\CODE~UNIVERSE\\VSC WORKSPACE\\PROJECTS\\GESCOM\\WEBSITE\\GESCOM_LARAVEL_FireBaseXDrive\\vendor\\laravel\\framework\\src\\Illuminate\\Foundation\\Http\\Kernel.php(175): Illuminate\\Pipeline\\Pipeline->then(Object(Closure))
#50 C:\\AUTRES\\ALL WORKSPACE\\CODE~UNIVERSE\\VSC WORKSPACE\\PROJECTS\\GESCOM\\WEBSITE\\GESCOM_LARAVEL_FireBaseXDrive\\vendor\\laravel\\framework\\src\\Illuminate\\Foundation\\Http\\Kernel.php(144): Illuminate\\Foundation\\Http\\Kernel->sendRequestThroughRouter(Object(Illuminate\\Http\\Request))
#51 C:\\AUTRES\\ALL WORKSPACE\\CODE~UNIVERSE\\VSC WORKSPACE\\PROJECTS\\GESCOM\\WEBSITE\\GESCOM_LARAVEL_FireBaseXDrive\\vendor\\laravel\\framework\\src\\Illuminate\\Foundation\\Application.php(1220): Illuminate\\Foundation\\Http\\Kernel->handle(Object(Illuminate\\Http\\Request))
#52 C:\\AUTRES\\ALL WORKSPACE\\CODE~UNIVERSE\\VSC WORKSPACE\\PROJECTS\\GESCOM\\WEBSITE\\GESCOM_LARAVEL_FireBaseXDrive\\public\\index.php(20): Illuminate\\Foundation\\Application->handleRequest(Object(Illuminate\\Http\\Request))
#53 C:\\AUTRES\\ALL WORKSPACE\\CODE~UNIVERSE\\VSC WORKSPACE\\PROJECTS\\GESCOM\\WEBSITE\\GESCOM_LARAVEL_FireBaseXDrive\\vendor\\laravel\\framework\\src\\Illuminate\\Foundation\\resources\\server.php(23): require_once('C:\\\\AUTRES\\\\ALL W...')
#54 {main}
"} 
[2025-10-22 22:22:53] local.ERROR: Class "Google\Client" not found {"exception":"[object] (Error(code: 0): Class \"Google\\Client\" not found at C:\\AUTRES\\ALL WORKSPACE\\CODE~UNIVERSE\\VSC WORKSPACE\\PROJECTS\\GESCOM\\WEBSITE\\GESCOM_LARAVEL_FireBaseXDrive\\app\\Services\\GoogleDriveService.php:27)
[stacktrace]
#0 C:\\AUTRES\\ALL WORKSPACE\\CODE~UNIVERSE\\VSC WORKSPACE\\PROJECTS\\GESCOM\\WEBSITE\\GESCOM_LARAVEL_FireBaseXDrive\\app\\Services\\GoogleDriveService.php(19): App\\Services\\GoogleDriveService->initializeDriveService()
#1 [internal function]: App\\Services\\GoogleDriveService->__construct()
#2 C:\\AUTRES\\ALL WORKSPACE\\CODE~UNIVERSE\\VSC WORKSPACE\\PROJECTS\\GESCOM\\WEBSITE\\GESCOM_LARAVEL_FireBaseXDrive\\vendor\\laravel\\framework\\src\\Illuminate\\Container\\Container.php(1211): ReflectionClass->newInstanceArgs(Array)
#3 C:\\AUTRES\\ALL WORKSPACE\\CODE~UNIVERSE\\VSC WORKSPACE\\PROJECTS\\GESCOM\\WEBSITE\\GESCOM_LARAVEL_FireBaseXDrive\\vendor\\laravel\\framework\\src\\Illuminate\\Container\\Container.php(972): Illuminate\\Container\\Container->build('App\\\\Services\\\\Go...')
#4 C:\\AUTRES\\ALL WORKSPACE\\CODE~UNIVERSE\\VSC WORKSPACE\\PROJECTS\\GESCOM\\WEBSITE\\GESCOM_LARAVEL_FireBaseXDrive\\vendor\\laravel\\framework\\src\\Illuminate\\Foundation\\Application.php(1078): Illuminate\\Container\\Container->resolve('App\\\\Services\\\\Go...', Array, true)
#5 C:\\AUTRES\\ALL WORKSPACE\\CODE~UNIVERSE\\VSC WORKSPACE\\PROJECTS\\GESCOM\\WEBSITE\\GESCOM_LARAVEL_FireBaseXDrive\\vendor\\laravel\\framework\\src\\Illuminate\\Container\\Container.php(903): Illuminate\\Foundation\\Application->resolve('App\\\\Services\\\\Go...', Array)
#6 C:\\AUTRES\\ALL WORKSPACE\\CODE~UNIVERSE\\VSC WORKSPACE\\PROJECTS\\GESCOM\\WEBSITE\\GESCOM_LARAVEL_FireBaseXDrive\\vendor\\laravel\\framework\\src\\Illuminate\\Foundation\\Application.php(1058): Illuminate\\Container\\Container->make('App\\\\Services\\\\Go...', Array)
#7 C:\\AUTRES\\ALL WORKSPACE\\CODE~UNIVERSE\\VSC WORKSPACE\\PROJECTS\\GESCOM\\WEBSITE\\GESCOM_LARAVEL_FireBaseXDrive\\vendor\\laravel\\framework\\src\\Illuminate\\Container\\Container.php(1379): Illuminate\\Foundation\\Application->make('App\\\\Services\\\\Go...')
#8 C:\\AUTRES\\ALL WORKSPACE\\CODE~UNIVERSE\\VSC WORKSPACE\\PROJECTS\\GESCOM\\WEBSITE\\GESCOM_LARAVEL_FireBaseXDrive\\vendor\\laravel\\framework\\src\\Illuminate\\Container\\Container.php(1278): Illuminate\\Container\\Container->resolveClass(Object(ReflectionParameter))
#9 C:\\AUTRES\\ALL WORKSPACE\\CODE~UNIVERSE\\VSC WORKSPACE\\PROJECTS\\GESCOM\\WEBSITE\\GESCOM_LARAVEL_FireBaseXDrive\\vendor\\laravel\\framework\\src\\Illuminate\\Container\\Container.php(1201): Illuminate\\Container\\Container->resolveDependencies(Array)
#10 C:\\AUTRES\\ALL WORKSPACE\\CODE~UNIVERSE\\VSC WORKSPACE\\PROJECTS\\GESCOM\\WEBSITE\\GESCOM_LARAVEL_FireBaseXDrive\\vendor\\laravel\\framework\\src\\Illuminate\\Container\\Container.php(972): Illuminate\\Container\\Container->build('App\\\\Http\\\\Contro...')
#11 C:\\AUTRES\\ALL WORKSPACE\\CODE~UNIVERSE\\VSC WORKSPACE\\PROJECTS\\GESCOM\\WEBSITE\\GESCOM_LARAVEL_FireBaseXDrive\\vendor\\laravel\\framework\\src\\Illuminate\\Foundation\\Application.php(1078): Illuminate\\Container\\Container->resolve('App\\\\Http\\\\Contro...', Array, true)
#12 C:\\AUTRES\\ALL WORKSPACE\\CODE~UNIVERSE\\VSC WORKSPACE\\PROJECTS\\GESCOM\\WEBSITE\\GESCOM_LARAVEL_FireBaseXDrive\\vendor\\laravel\\framework\\src\\Illuminate\\Container\\Container.php(903): Illuminate\\Foundation\\Application->resolve('App\\\\Http\\\\Contro...', Array)
#13 C:\\AUTRES\\ALL WORKSPACE\\CODE~UNIVERSE\\VSC WORKSPACE\\PROJECTS\\GESCOM\\WEBSITE\\GESCOM_LARAVEL_FireBaseXDrive\\vendor\\laravel\\framework\\src\\Illuminate\\Foundation\\Application.php(1058): Illuminate\\Container\\Container->make('App\\\\Http\\\\Contro...', Array)
#14 C:\\AUTRES\\ALL WORKSPACE\\CODE~UNIVERSE\\VSC WORKSPACE\\PROJECTS\\GESCOM\\WEBSITE\\GESCOM_LARAVEL_FireBaseXDrive\\vendor\\laravel\\framework\\src\\Illuminate\\Routing\\Route.php(286): Illuminate\\Foundation\\Application->make('App\\\\Http\\\\Contro...')
#15 C:\\AUTRES\\ALL WORKSPACE\\CODE~UNIVERSE\\VSC WORKSPACE\\PROJECTS\\GESCOM\\WEBSITE\\GESCOM_LARAVEL_FireBaseXDrive\\vendor\\laravel\\framework\\src\\Illuminate\\Routing\\Route.php(266): Illuminate\\Routing\\Route->getController()
#16 C:\\AUTRES\\ALL WORKSPACE\\CODE~UNIVERSE\\VSC WORKSPACE\\PROJECTS\\GESCOM\\WEBSITE\\GESCOM_LARAVEL_FireBaseXDrive\\vendor\\laravel\\framework\\src\\Illuminate\\Routing\\Route.php(211): Illuminate\\Routing\\Route->runController()
#17 C:\\AUTRES\\ALL WORKSPACE\\CODE~UNIVERSE\\VSC WORKSPACE\\PROJECTS\\GESCOM\\WEBSITE\\GESCOM_LARAVEL_FireBaseXDrive\\vendor\\laravel\\framework\\src\\Illuminate\\Routing\\Router.php(822): Illuminate\\Routing\\Route->run()
#18 C:\\AUTRES\\ALL WORKSPACE\\CODE~UNIVERSE\\VSC WORKSPACE\\PROJECTS\\GESCOM\\WEBSITE\\GESCOM_LARAVEL_FireBaseXDrive\\vendor\\laravel\\framework\\src\\Illuminate\\Pipeline\\Pipeline.php(180): Illuminate\\Routing\\Router->Illuminate\\Routing\\{closure}(Object(Illuminate\\Http\\Request))
#19 C:\\AUTRES\\ALL WORKSPACE\\CODE~UNIVERSE\\VSC WORKSPACE\\PROJECTS\\GESCOM\\WEBSITE\\GESCOM_LARAVEL_FireBaseXDrive\\vendor\\laravel\\framework\\src\\Illuminate\\Routing\\Middleware\\SubstituteBindings.php(50): Illuminate\\Pipeline\\Pipeline->Illuminate\\Pipeline\\{closure}(Object(Illuminate\\Http\\Request))
#20 C:\\AUTRES\\ALL WORKSPACE\\CODE~UNIVERSE\\VSC WORKSPACE\\PROJECTS\\GESCOM\\WEBSITE\\GESCOM_LARAVEL_FireBaseXDrive\\vendor\\laravel\\framework\\src\\Illuminate\\Pipeline\\Pipeline.php(219): Illuminate\\Routing\\Middleware\\SubstituteBindings->handle(Object(Illuminate\\Http\\Request), Object(Closure))
#21 C:\\AUTRES\\ALL WORKSPACE\\CODE~UNIVERSE\\VSC WORKSPACE\\PROJECTS\\GESCOM\\WEBSITE\\GESCOM_LARAVEL_FireBaseXDrive\\vendor\\laravel\\framework\\src\\Illuminate\\Pipeline\\Pipeline.php(137): Illuminate\\Pipeline\\Pipeline->Illuminate\\Pipeline\\{closure}(Object(Illuminate\\Http\\Request))
#22 C:\\AUTRES\\ALL WORKSPACE\\CODE~UNIVERSE\\VSC WORKSPACE\\PROJECTS\\GESCOM\\WEBSITE\\GESCOM_LARAVEL_FireBaseXDrive\\vendor\\laravel\\framework\\src\\Illuminate\\Routing\\Router.php(821): Illuminate\\Pipeline\\Pipeline->then(Object(Closure))
#23 C:\\AUTRES\\ALL WORKSPACE\\CODE~UNIVERSE\\VSC WORKSPACE\\PROJECTS\\GESCOM\\WEBSITE\\GESCOM_LARAVEL_FireBaseXDrive\\vendor\\laravel\\framework\\src\\Illuminate\\Routing\\Router.php(800): Illuminate\\Routing\\Router->runRouteWithinStack(Object(Illuminate\\Routing\\Route), Object(Illuminate\\Http\\Request))
#24 C:\\AUTRES\\ALL WORKSPACE\\CODE~UNIVERSE\\VSC WORKSPACE\\PROJECTS\\GESCOM\\WEBSITE\\GESCOM_LARAVEL_FireBaseXDrive\\vendor\\laravel\\framework\\src\\Illuminate\\Routing\\Router.php(764): Illuminate\\Routing\\Router->runRoute(Object(Illuminate\\Http\\Request), Object(Illuminate\\Routing\\Route))
#25 C:\\AUTRES\\ALL WORKSPACE\\CODE~UNIVERSE\\VSC WORKSPACE\\PROJECTS\\GESCOM\\WEBSITE\\GESCOM_LARAVEL_FireBaseXDrive\\vendor\\laravel\\framework\\src\\Illuminate\\Routing\\Router.php(753): Illuminate\\Routing\\Router->dispatchToRoute(Object(Illuminate\\Http\\Request))
#26 C:\\AUTRES\\ALL WORKSPACE\\CODE~UNIVERSE\\VSC WORKSPACE\\PROJECTS\\GESCOM\\WEBSITE\\GESCOM_LARAVEL_FireBaseXDrive\\vendor\\laravel\\framework\\src\\Illuminate\\Foundation\\Http\\Kernel.php(200): Illuminate\\Routing\\Router->dispatch(Object(Illuminate\\Http\\Request))
#27 C:\\AUTRES\\ALL WORKSPACE\\CODE~UNIVERSE\\VSC WORKSPACE\\PROJECTS\\GESCOM\\WEBSITE\\GESCOM_LARAVEL_FireBaseXDrive\\vendor\\laravel\\framework\\src\\Illuminate\\Pipeline\\Pipeline.php(180): Illuminate\\Foundation\\Http\\Kernel->Illuminate\\Foundation\\Http\\{closure}(Object(Illuminate\\Http\\Request))
#28 C:\\AUTRES\\ALL WORKSPACE\\CODE~UNIVERSE\\VSC WORKSPACE\\PROJECTS\\GESCOM\\WEBSITE\\GESCOM_LARAVEL_FireBaseXDrive\\vendor\\laravel\\framework\\src\\Illuminate\\Foundation\\Http\\Middleware\\TransformsRequest.php(21): Illuminate\\Pipeline\\Pipeline->Illuminate\\Pipeline\\{closure}(Object(Illuminate\\Http\\Request))
#29 C:\\AUTRES\\ALL WORKSPACE\\CODE~UNIVERSE\\VSC WORKSPACE\\PROJECTS\\GESCOM\\WEBSITE\\GESCOM_LARAVEL_FireBaseXDrive\\vendor\\laravel\\framework\\src\\Illuminate\\Foundation\\Http\\Middleware\\ConvertEmptyStringsToNull.php(31): Illuminate\\Foundation\\Http\\Middleware\\TransformsRequest->handle(Object(Illuminate\\Http\\Request), Object(Closure))
#30 C:\\AUTRES\\ALL WORKSPACE\\CODE~UNIVERSE\\VSC WORKSPACE\\PROJECTS\\GESCOM\\WEBSITE\\GESCOM_LARAVEL_FireBaseXDrive\\vendor\\laravel\\framework\\src\\Illuminate\\Pipeline\\Pipeline.php(219): Illuminate\\Foundation\\Http\\Middleware\\ConvertEmptyStringsToNull->handle(Object(Illuminate\\Http\\Request), Object(Closure))
#31 C:\\AUTRES\\ALL WORKSPACE\\CODE~UNIVERSE\\VSC WORKSPACE\\PROJECTS\\GESCOM\\WEBSITE\\GESCOM_LARAVEL_FireBaseXDrive\\vendor\\laravel\\framework\\src\\Illuminate\\Foundation\\Http\\Middleware\\TransformsRequest.php(21): Illuminate\\Pipeline\\Pipeline->Illuminate\\Pipeline\\{closure}(Object(Illuminate\\Http\\Request))
#32 C:\\AUTRES\\ALL WORKSPACE\\CODE~UNIVERSE\\VSC WORKSPACE\\PROJECTS\\GESCOM\\WEBSITE\\GESCOM_LARAVEL_FireBaseXDrive\\vendor\\laravel\\framework\\src\\Illuminate\\Foundation\\Http\\Middleware\\TrimStrings.php(51): Illuminate\\Foundation\\Http\\Middleware\\TransformsRequest->handle(Object(Illuminate\\Http\\Request), Object(Closure))
#33 C:\\AUTRES\\ALL WORKSPACE\\CODE~UNIVERSE\\VSC WORKSPACE\\PROJECTS\\GESCOM\\WEBSITE\\GESCOM_LARAVEL_FireBaseXDrive\\vendor\\laravel\\framework\\src\\Illuminate\\Pipeline\\Pipeline.php(219): Illuminate\\Foundation\\Http\\Middleware\\TrimStrings->handle(Object(Illuminate\\Http\\Request), Object(Closure))
#34 C:\\AUTRES\\ALL WORKSPACE\\CODE~UNIVERSE\\VSC WORKSPACE\\PROJECTS\\GESCOM\\WEBSITE\\GESCOM_LARAVEL_FireBaseXDrive\\vendor\\laravel\\framework\\src\\Illuminate\\Http\\Middleware\\ValidatePostSize.php(27): Illuminate\\Pipeline\\Pipeline->Illuminate\\Pipeline\\{closure}(Object(Illuminate\\Http\\Request))
#35 C:\\AUTRES\\ALL WORKSPACE\\CODE~UNIVERSE\\VSC WORKSPACE\\PROJECTS\\GESCOM\\WEBSITE\\GESCOM_LARAVEL_FireBaseXDrive\\vendor\\laravel\\framework\\src\\Illuminate\\Pipeline\\Pipeline.php(219): Illuminate\\Http\\Middleware\\ValidatePostSize->handle(Object(Illuminate\\Http\\Request), Object(Closure))
#36 C:\\AUTRES\\ALL WORKSPACE\\CODE~UNIVERSE\\VSC WORKSPACE\\PROJECTS\\GESCOM\\WEBSITE\\GESCOM_LARAVEL_FireBaseXDrive\\vendor\\laravel\\framework\\src\\Illuminate\\Foundation\\Http\\Middleware\\PreventRequestsDuringMaintenance.php(109): Illuminate\\Pipeline\\Pipeline->Illuminate\\Pipeline\\{closure}(Object(Illuminate\\Http\\Request))
#37 C:\\AUTRES\\ALL WORKSPACE\\CODE~UNIVERSE\\VSC WORKSPACE\\PROJECTS\\GESCOM\\WEBSITE\\GESCOM_LARAVEL_FireBaseXDrive\\vendor\\laravel\\framework\\src\\Illuminate\\Pipeline\\Pipeline.php(219): Illuminate\\Foundation\\Http\\Middleware\\PreventRequestsDuringMaintenance->handle(Object(Illuminate\\Http\\Request), Object(Closure))
#38 C:\\AUTRES\\ALL WORKSPACE\\CODE~UNIVERSE\\VSC WORKSPACE\\PROJECTS\\GESCOM\\WEBSITE\\GESCOM_LARAVEL_FireBaseXDrive\\vendor\\laravel\\framework\\src\\Illuminate\\Http\\Middleware\\HandleCors.php(61): Illuminate\\Pipeline\\Pipeline->Illuminate\\Pipeline\\{closure}(Object(Illuminate\\Http\\Request))
#39 C:\\AUTRES\\ALL WORKSPACE\\CODE~UNIVERSE\\VSC WORKSPACE\\PROJECTS\\GESCOM\\WEBSITE\\GESCOM_LARAVEL_FireBaseXDrive\\vendor\\laravel\\framework\\src\\Illuminate\\Pipeline\\Pipeline.php(219): Illuminate\\Http\\Middleware\\HandleCors->handle(Object(Illuminate\\Http\\Request), Object(Closure))
#40 C:\\AUTRES\\ALL WORKSPACE\\CODE~UNIVERSE\\VSC WORKSPACE\\PROJECTS\\GESCOM\\WEBSITE\\GESCOM_LARAVEL_FireBaseXDrive\\vendor\\laravel\\framework\\src\\Illuminate\\Http\\Middleware\\TrustProxies.php(58): Illuminate\\Pipeline\\Pipeline->Illuminate\\Pipeline\\{closure}(Object(Illuminate\\Http\\Request))
#41 C:\\AUTRES\\ALL WORKSPACE\\CODE~UNIVERSE\\VSC WORKSPACE\\PROJECTS\\GESCOM\\WEBSITE\\GESCOM_LARAVEL_FireBaseXDrive\\vendor\\laravel\\framework\\src\\Illuminate\\Pipeline\\Pipeline.php(219): Illuminate\\Http\\Middleware\\TrustProxies->handle(Object(Illuminate\\Http\\Request), Object(Closure))
#42 C:\\AUTRES\\ALL WORKSPACE\\CODE~UNIVERSE\\VSC WORKSPACE\\PROJECTS\\GESCOM\\WEBSITE\\GESCOM_LARAVEL_FireBaseXDrive\\vendor\\laravel\\framework\\src\\Illuminate\\Foundation\\Http\\Middleware\\InvokeDeferredCallbacks.php(22): Illuminate\\Pipeline\\Pipeline->Illuminate\\Pipeline\\{closure}(Object(Illuminate\\Http\\Request))
#43 C:\\AUTRES\\ALL WORKSPACE\\CODE~UNIVERSE\\VSC WORKSPACE\\PROJECTS\\GESCOM\\WEBSITE\\GESCOM_LARAVEL_FireBaseXDrive\\vendor\\laravel\\framework\\src\\Illuminate\\Pipeline\\Pipeline.php(219): Illuminate\\Foundation\\Http\\Middleware\\InvokeDeferredCallbacks->handle(Object(Illuminate\\Http\\Request), Object(Closure))
#44 C:\\AUTRES\\ALL WORKSPACE\\CODE~UNIVERSE\\VSC WORKSPACE\\PROJECTS\\GESCOM\\WEBSITE\\GESCOM_LARAVEL_FireBaseXDrive\\vendor\\laravel\\framework\\src\\Illuminate\\Http\\Middleware\\ValidatePathEncoding.php(26): Illuminate\\Pipeline\\Pipeline->Illuminate\\Pipeline\\{closure}(Object(Illuminate\\Http\\Request))
#45 C:\\AUTRES\\ALL WORKSPACE\\CODE~UNIVERSE\\VSC WORKSPACE\\PROJECTS\\GESCOM\\WEBSITE\\GESCOM_LARAVEL_FireBaseXDrive\\vendor\\laravel\\framework\\src\\Illuminate\\Pipeline\\Pipeline.php(219): Illuminate\\Http\\Middleware\\ValidatePathEncoding->handle(Object(Illuminate\\Http\\Request), Object(Closure))
#46 C:\\AUTRES\\ALL WORKSPACE\\CODE~UNIVERSE\\VSC WORKSPACE\\PROJECTS\\GESCOM\\WEBSITE\\GESCOM_LARAVEL_FireBaseXDrive\\vendor\\laravel\\framework\\src\\Illuminate\\Pipeline\\Pipeline.php(137): Illuminate\\Pipeline\\Pipeline->Illuminate\\Pipeline\\{closure}(Object(Illuminate\\Http\\Request))
#47 C:\\AUTRES\\ALL WORKSPACE\\CODE~UNIVERSE\\VSC WORKSPACE\\PROJECTS\\GESCOM\\WEBSITE\\GESCOM_LARAVEL_FireBaseXDrive\\vendor\\laravel\\framework\\src\\Illuminate\\Foundation\\Http\\Kernel.php(175): Illuminate\\Pipeline\\Pipeline->then(Object(Closure))
#48 C:\\AUTRES\\ALL WORKSPACE\\CODE~UNIVERSE\\VSC WORKSPACE\\PROJECTS\\GESCOM\\WEBSITE\\GESCOM_LARAVEL_FireBaseXDrive\\vendor\\laravel\\framework\\src\\Illuminate\\Foundation\\Http\\Kernel.php(144): Illuminate\\Foundation\\Http\\Kernel->sendRequestThroughRouter(Object(Illuminate\\Http\\Request))
#49 C:\\AUTRES\\ALL WORKSPACE\\CODE~UNIVERSE\\VSC WORKSPACE\\PROJECTS\\GESCOM\\WEBSITE\\GESCOM_LARAVEL_FireBaseXDrive\\vendor\\laravel\\framework\\src\\Illuminate\\Foundation\\Application.php(1220): Illuminate\\Foundation\\Http\\Kernel->handle(Object(Illuminate\\Http\\Request))
#50 C:\\AUTRES\\ALL WORKSPACE\\CODE~UNIVERSE\\VSC WORKSPACE\\PROJECTS\\GESCOM\\WEBSITE\\GESCOM_LARAVEL_FireBaseXDrive\\public\\index.php(20): Illuminate\\Foundation\\Application->handleRequest(Object(Illuminate\\Http\\Request))
#51 C:\\AUTRES\\ALL WORKSPACE\\CODE~UNIVERSE\\VSC WORKSPACE\\PROJECTS\\GESCOM\\WEBSITE\\GESCOM_LARAVEL_FireBaseXDrive\\vendor\\laravel\\framework\\src\\Illuminate\\Foundation\\resources\\server.php(23): require_once('C:\\\\AUTRES\\\\ALL W...')
#52 {main}
"} 
[2025-10-22 22:23:29] local.ERROR: Class "Google\Client" not found {"exception":"[object] (Error(code: 0): Class \"Google\\Client\" not found at C:\\AUTRES\\ALL WORKSPACE\\CODE~UNIVERSE\\VSC WORKSPACE\\PROJECTS\\GESCOM\\WEBSITE\\GESCOM_LARAVEL_FireBaseXDrive\\app\\Services\\GoogleDriveService.php:27)
[stacktrace]
#0 C:\\AUTRES\\ALL WORKSPACE\\CODE~UNIVERSE\\VSC WORKSPACE\\PROJECTS\\GESCOM\\WEBSITE\\GESCOM_LARAVEL_FireBaseXDrive\\app\\Services\\GoogleDriveService.php(19): App\\Services\\GoogleDriveService->initializeDriveService()
#1 [internal function]: App\\Services\\GoogleDriveService->__construct()
#2 C:\\AUTRES\\ALL WORKSPACE\\CODE~UNIVERSE\\VSC WORKSPACE\\PROJECTS\\GESCOM\\WEBSITE\\GESCOM_LARAVEL_FireBaseXDrive\\vendor\\laravel\\framework\\src\\Illuminate\\Container\\Container.php(1211): ReflectionClass->newInstanceArgs(Array)
#3 C:\\AUTRES\\ALL WORKSPACE\\CODE~UNIVERSE\\VSC WORKSPACE\\PROJECTS\\GESCOM\\WEBSITE\\GESCOM_LARAVEL_FireBaseXDrive\\vendor\\laravel\\framework\\src\\Illuminate\\Container\\Container.php(972): Illuminate\\Container\\Container->build('App\\\\Services\\\\Go...')
#4 C:\\AUTRES\\ALL WORKSPACE\\CODE~UNIVERSE\\VSC WORKSPACE\\PROJECTS\\GESCOM\\WEBSITE\\GESCOM_LARAVEL_FireBaseXDrive\\vendor\\laravel\\framework\\src\\Illuminate\\Foundation\\Application.php(1078): Illuminate\\Container\\Container->resolve('App\\\\Services\\\\Go...', Array, true)
#5 C:\\AUTRES\\ALL WORKSPACE\\CODE~UNIVERSE\\VSC WORKSPACE\\PROJECTS\\GESCOM\\WEBSITE\\GESCOM_LARAVEL_FireBaseXDrive\\vendor\\laravel\\framework\\src\\Illuminate\\Container\\Container.php(903): Illuminate\\Foundation\\Application->resolve('App\\\\Services\\\\Go...', Array)
#6 C:\\AUTRES\\ALL WORKSPACE\\CODE~UNIVERSE\\VSC WORKSPACE\\PROJECTS\\GESCOM\\WEBSITE\\GESCOM_LARAVEL_FireBaseXDrive\\vendor\\laravel\\framework\\src\\Illuminate\\Foundation\\Application.php(1058): Illuminate\\Container\\Container->make('App\\\\Services\\\\Go...', Array)
#7 C:\\AUTRES\\ALL WORKSPACE\\CODE~UNIVERSE\\VSC WORKSPACE\\PROJECTS\\GESCOM\\WEBSITE\\GESCOM_LARAVEL_FireBaseXDrive\\vendor\\laravel\\framework\\src\\Illuminate\\Container\\Container.php(1379): Illuminate\\Foundation\\Application->make('App\\\\Services\\\\Go...')
#8 C:\\AUTRES\\ALL WORKSPACE\\CODE~UNIVERSE\\VSC WORKSPACE\\PROJECTS\\GESCOM\\WEBSITE\\GESCOM_LARAVEL_FireBaseXDrive\\vendor\\laravel\\framework\\src\\Illuminate\\Container\\Container.php(1278): Illuminate\\Container\\Container->resolveClass(Object(ReflectionParameter))
#9 C:\\AUTRES\\ALL WORKSPACE\\CODE~UNIVERSE\\VSC WORKSPACE\\PROJECTS\\GESCOM\\WEBSITE\\GESCOM_LARAVEL_FireBaseXDrive\\vendor\\laravel\\framework\\src\\Illuminate\\Container\\Container.php(1201): Illuminate\\Container\\Container->resolveDependencies(Array)
#10 C:\\AUTRES\\ALL WORKSPACE\\CODE~UNIVERSE\\VSC WORKSPACE\\PROJECTS\\GESCOM\\WEBSITE\\GESCOM_LARAVEL_FireBaseXDrive\\vendor\\laravel\\framework\\src\\Illuminate\\Container\\Container.php(972): Illuminate\\Container\\Container->build('App\\\\Http\\\\Contro...')
#11 C:\\AUTRES\\ALL WORKSPACE\\CODE~UNIVERSE\\VSC WORKSPACE\\PROJECTS\\GESCOM\\WEBSITE\\GESCOM_LARAVEL_FireBaseXDrive\\vendor\\laravel\\framework\\src\\Illuminate\\Foundation\\Application.php(1078): Illuminate\\Container\\Container->resolve('App\\\\Http\\\\Contro...', Array, true)
#12 C:\\AUTRES\\ALL WORKSPACE\\CODE~UNIVERSE\\VSC WORKSPACE\\PROJECTS\\GESCOM\\WEBSITE\\GESCOM_LARAVEL_FireBaseXDrive\\vendor\\laravel\\framework\\src\\Illuminate\\Container\\Container.php(903): Illuminate\\Foundation\\Application->resolve('App\\\\Http\\\\Contro...', Array)
#13 C:\\AUTRES\\ALL WORKSPACE\\CODE~UNIVERSE\\VSC WORKSPACE\\PROJECTS\\GESCOM\\WEBSITE\\GESCOM_LARAVEL_FireBaseXDrive\\vendor\\laravel\\framework\\src\\Illuminate\\Foundation\\Application.php(1058): Illuminate\\Container\\Container->make('App\\\\Http\\\\Contro...', Array)
#14 C:\\AUTRES\\ALL WORKSPACE\\CODE~UNIVERSE\\VSC WORKSPACE\\PROJECTS\\GESCOM\\WEBSITE\\GESCOM_LARAVEL_FireBaseXDrive\\vendor\\laravel\\framework\\src\\Illuminate\\Routing\\Route.php(286): Illuminate\\Foundation\\Application->make('App\\\\Http\\\\Contro...')
#15 C:\\AUTRES\\ALL WORKSPACE\\CODE~UNIVERSE\\VSC WORKSPACE\\PROJECTS\\GESCOM\\WEBSITE\\GESCOM_LARAVEL_FireBaseXDrive\\vendor\\laravel\\framework\\src\\Illuminate\\Routing\\Route.php(266): Illuminate\\Routing\\Route->getController()
#16 C:\\AUTRES\\ALL WORKSPACE\\CODE~UNIVERSE\\VSC WORKSPACE\\PROJECTS\\GESCOM\\WEBSITE\\GESCOM_LARAVEL_FireBaseXDrive\\vendor\\laravel\\framework\\src\\Illuminate\\Routing\\Route.php(211): Illuminate\\Routing\\Route->runController()
#17 C:\\AUTRES\\ALL WORKSPACE\\CODE~UNIVERSE\\VSC WORKSPACE\\PROJECTS\\GESCOM\\WEBSITE\\GESCOM_LARAVEL_FireBaseXDrive\\vendor\\laravel\\framework\\src\\Illuminate\\Routing\\Router.php(822): Illuminate\\Routing\\Route->run()
#18 C:\\AUTRES\\ALL WORKSPACE\\CODE~UNIVERSE\\VSC WORKSPACE\\PROJECTS\\GESCOM\\WEBSITE\\GESCOM_LARAVEL_FireBaseXDrive\\vendor\\laravel\\framework\\src\\Illuminate\\Pipeline\\Pipeline.php(180): Illuminate\\Routing\\Router->Illuminate\\Routing\\{closure}(Object(Illuminate\\Http\\Request))
#19 C:\\AUTRES\\ALL WORKSPACE\\CODE~UNIVERSE\\VSC WORKSPACE\\PROJECTS\\GESCOM\\WEBSITE\\GESCOM_LARAVEL_FireBaseXDrive\\vendor\\laravel\\framework\\src\\Illuminate\\Routing\\Middleware\\SubstituteBindings.php(50): Illuminate\\Pipeline\\Pipeline->Illuminate\\Pipeline\\{closure}(Object(Illuminate\\Http\\Request))
#20 C:\\AUTRES\\ALL WORKSPACE\\CODE~UNIVERSE\\VSC WORKSPACE\\PROJECTS\\GESCOM\\WEBSITE\\GESCOM_LARAVEL_FireBaseXDrive\\vendor\\laravel\\framework\\src\\Illuminate\\Pipeline\\Pipeline.php(219): Illuminate\\Routing\\Middleware\\SubstituteBindings->handle(Object(Illuminate\\Http\\Request), Object(Closure))
#21 C:\\AUTRES\\ALL WORKSPACE\\CODE~UNIVERSE\\VSC WORKSPACE\\PROJECTS\\GESCOM\\WEBSITE\\GESCOM_LARAVEL_FireBaseXDrive\\vendor\\laravel\\framework\\src\\Illuminate\\Pipeline\\Pipeline.php(137): Illuminate\\Pipeline\\Pipeline->Illuminate\\Pipeline\\{closure}(Object(Illuminate\\Http\\Request))
#22 C:\\AUTRES\\ALL WORKSPACE\\CODE~UNIVERSE\\VSC WORKSPACE\\PROJECTS\\GESCOM\\WEBSITE\\GESCOM_LARAVEL_FireBaseXDrive\\vendor\\laravel\\framework\\src\\Illuminate\\Routing\\Router.php(821): Illuminate\\Pipeline\\Pipeline->then(Object(Closure))
#23 C:\\AUTRES\\ALL WORKSPACE\\CODE~UNIVERSE\\VSC WORKSPACE\\PROJECTS\\GESCOM\\WEBSITE\\GESCOM_LARAVEL_FireBaseXDrive\\vendor\\laravel\\framework\\src\\Illuminate\\Routing\\Router.php(800): Illuminate\\Routing\\Router->runRouteWithinStack(Object(Illuminate\\Routing\\Route), Object(Illuminate\\Http\\Request))
#24 C:\\AUTRES\\ALL WORKSPACE\\CODE~UNIVERSE\\VSC WORKSPACE\\PROJECTS\\GESCOM\\WEBSITE\\GESCOM_LARAVEL_FireBaseXDrive\\vendor\\laravel\\framework\\src\\Illuminate\\Routing\\Router.php(764): Illuminate\\Routing\\Router->runRoute(Object(Illuminate\\Http\\Request), Object(Illuminate\\Routing\\Route))
#25 C:\\AUTRES\\ALL WORKSPACE\\CODE~UNIVERSE\\VSC WORKSPACE\\PROJECTS\\GESCOM\\WEBSITE\\GESCOM_LARAVEL_FireBaseXDrive\\vendor\\laravel\\framework\\src\\Illuminate\\Routing\\Router.php(753): Illuminate\\Routing\\Router->dispatchToRoute(Object(Illuminate\\Http\\Request))
#26 C:\\AUTRES\\ALL WORKSPACE\\CODE~UNIVERSE\\VSC WORKSPACE\\PROJECTS\\GESCOM\\WEBSITE\\GESCOM_LARAVEL_FireBaseXDrive\\vendor\\laravel\\framework\\src\\Illuminate\\Foundation\\Http\\Kernel.php(200): Illuminate\\Routing\\Router->dispatch(Object(Illuminate\\Http\\Request))
#27 C:\\AUTRES\\ALL WORKSPACE\\CODE~UNIVERSE\\VSC WORKSPACE\\PROJECTS\\GESCOM\\WEBSITE\\GESCOM_LARAVEL_FireBaseXDrive\\vendor\\laravel\\framework\\src\\Illuminate\\Pipeline\\Pipeline.php(180): Illuminate\\Foundation\\Http\\Kernel->Illuminate\\Foundation\\Http\\{closure}(Object(Illuminate\\Http\\Request))
#28 C:\\AUTRES\\ALL WORKSPACE\\CODE~UNIVERSE\\VSC WORKSPACE\\PROJECTS\\GESCOM\\WEBSITE\\GESCOM_LARAVEL_FireBaseXDrive\\vendor\\laravel\\framework\\src\\Illuminate\\Foundation\\Http\\Middleware\\TransformsRequest.php(21): Illuminate\\Pipeline\\Pipeline->Illuminate\\Pipeline\\{closure}(Object(Illuminate\\Http\\Request))
#29 C:\\AUTRES\\ALL WORKSPACE\\CODE~UNIVERSE\\VSC WORKSPACE\\PROJECTS\\GESCOM\\WEBSITE\\GESCOM_LARAVEL_FireBaseXDrive\\vendor\\laravel\\framework\\src\\Illuminate\\Foundation\\Http\\Middleware\\ConvertEmptyStringsToNull.php(31): Illuminate\\Foundation\\Http\\Middleware\\TransformsRequest->handle(Object(Illuminate\\Http\\Request), Object(Closure))
#30 C:\\AUTRES\\ALL WORKSPACE\\CODE~UNIVERSE\\VSC WORKSPACE\\PROJECTS\\GESCOM\\WEBSITE\\GESCOM_LARAVEL_FireBaseXDrive\\vendor\\laravel\\framework\\src\\Illuminate\\Pipeline\\Pipeline.php(219): Illuminate\\Foundation\\Http\\Middleware\\ConvertEmptyStringsToNull->handle(Object(Illuminate\\Http\\Request), Object(Closure))
#31 C:\\AUTRES\\ALL WORKSPACE\\CODE~UNIVERSE\\VSC WORKSPACE\\PROJECTS\\GESCOM\\WEBSITE\\GESCOM_LARAVEL_FireBaseXDrive\\vendor\\laravel\\framework\\src\\Illuminate\\Foundation\\Http\\Middleware\\TransformsRequest.php(21): Illuminate\\Pipeline\\Pipeline->Illuminate\\Pipeline\\{closure}(Object(Illuminate\\Http\\Request))
#32 C:\\AUTRES\\ALL WORKSPACE\\CODE~UNIVERSE\\VSC WORKSPACE\\PROJECTS\\GESCOM\\WEBSITE\\GESCOM_LARAVEL_FireBaseXDrive\\vendor\\laravel\\framework\\src\\Illuminate\\Foundation\\Http\\Middleware\\TrimStrings.php(51): Illuminate\\Foundation\\Http\\Middleware\\TransformsRequest->handle(Object(Illuminate\\Http\\Request), Object(Closure))
#33 C:\\AUTRES\\ALL WORKSPACE\\CODE~UNIVERSE\\VSC WORKSPACE\\PROJECTS\\GESCOM\\WEBSITE\\GESCOM_LARAVEL_FireBaseXDrive\\vendor\\laravel\\framework\\src\\Illuminate\\Pipeline\\Pipeline.php(219): Illuminate\\Foundation\\Http\\Middleware\\TrimStrings->handle(Object(Illuminate\\Http\\Request), Object(Closure))
#34 C:\\AUTRES\\ALL WORKSPACE\\CODE~UNIVERSE\\VSC WORKSPACE\\PROJECTS\\GESCOM\\WEBSITE\\GESCOM_LARAVEL_FireBaseXDrive\\vendor\\laravel\\framework\\src\\Illuminate\\Http\\Middleware\\ValidatePostSize.php(27): Illuminate\\Pipeline\\Pipeline->Illuminate\\Pipeline\\{closure}(Object(Illuminate\\Http\\Request))
#35 C:\\AUTRES\\ALL WORKSPACE\\CODE~UNIVERSE\\VSC WORKSPACE\\PROJECTS\\GESCOM\\WEBSITE\\GESCOM_LARAVEL_FireBaseXDrive\\vendor\\laravel\\framework\\src\\Illuminate\\Pipeline\\Pipeline.php(219): Illuminate\\Http\\Middleware\\ValidatePostSize->handle(Object(Illuminate\\Http\\Request), Object(Closure))
#36 C:\\AUTRES\\ALL WORKSPACE\\CODE~UNIVERSE\\VSC WORKSPACE\\PROJECTS\\GESCOM\\WEBSITE\\GESCOM_LARAVEL_FireBaseXDrive\\vendor\\laravel\\framework\\src\\Illuminate\\Foundation\\Http\\Middleware\\PreventRequestsDuringMaintenance.php(109): Illuminate\\Pipeline\\Pipeline->Illuminate\\Pipeline\\{closure}(Object(Illuminate\\Http\\Request))
#37 C:\\AUTRES\\ALL WORKSPACE\\CODE~UNIVERSE\\VSC WORKSPACE\\PROJECTS\\GESCOM\\WEBSITE\\GESCOM_LARAVEL_FireBaseXDrive\\vendor\\laravel\\framework\\src\\Illuminate\\Pipeline\\Pipeline.php(219): Illuminate\\Foundation\\Http\\Middleware\\PreventRequestsDuringMaintenance->handle(Object(Illuminate\\Http\\Request), Object(Closure))
#38 C:\\AUTRES\\ALL WORKSPACE\\CODE~UNIVERSE\\VSC WORKSPACE\\PROJECTS\\GESCOM\\WEBSITE\\GESCOM_LARAVEL_FireBaseXDrive\\vendor\\laravel\\framework\\src\\Illuminate\\Http\\Middleware\\HandleCors.php(61): Illuminate\\Pipeline\\Pipeline->Illuminate\\Pipeline\\{closure}(Object(Illuminate\\Http\\Request))
#39 C:\\AUTRES\\ALL WORKSPACE\\CODE~UNIVERSE\\VSC WORKSPACE\\PROJECTS\\GESCOM\\WEBSITE\\GESCOM_LARAVEL_FireBaseXDrive\\vendor\\laravel\\framework\\src\\Illuminate\\Pipeline\\Pipeline.php(219): Illuminate\\Http\\Middleware\\HandleCors->handle(Object(Illuminate\\Http\\Request), Object(Closure))
#40 C:\\AUTRES\\ALL WORKSPACE\\CODE~UNIVERSE\\VSC WORKSPACE\\PROJECTS\\GESCOM\\WEBSITE\\GESCOM_LARAVEL_FireBaseXDrive\\vendor\\laravel\\framework\\src\\Illuminate\\Http\\Middleware\\TrustProxies.php(58): Illuminate\\Pipeline\\Pipeline->Illuminate\\Pipeline\\{closure}(Object(Illuminate\\Http\\Request))
#41 C:\\AUTRES\\ALL WORKSPACE\\CODE~UNIVERSE\\VSC WORKSPACE\\PROJECTS\\GESCOM\\WEBSITE\\GESCOM_LARAVEL_FireBaseXDrive\\vendor\\laravel\\framework\\src\\Illuminate\\Pipeline\\Pipeline.php(219): Illuminate\\Http\\Middleware\\TrustProxies->handle(Object(Illuminate\\Http\\Request), Object(Closure))
#42 C:\\AUTRES\\ALL WORKSPACE\\CODE~UNIVERSE\\VSC WORKSPACE\\PROJECTS\\GESCOM\\WEBSITE\\GESCOM_LARAVEL_FireBaseXDrive\\vendor\\laravel\\framework\\src\\Illuminate\\Foundation\\Http\\Middleware\\InvokeDeferredCallbacks.php(22): Illuminate\\Pipeline\\Pipeline->Illuminate\\Pipeline\\{closure}(Object(Illuminate\\Http\\Request))
#43 C:\\AUTRES\\ALL WORKSPACE\\CODE~UNIVERSE\\VSC WORKSPACE\\PROJECTS\\GESCOM\\WEBSITE\\GESCOM_LARAVEL_FireBaseXDrive\\vendor\\laravel\\framework\\src\\Illuminate\\Pipeline\\Pipeline.php(219): Illuminate\\Foundation\\Http\\Middleware\\InvokeDeferredCallbacks->handle(Object(Illuminate\\Http\\Request), Object(Closure))
#44 C:\\AUTRES\\ALL WORKSPACE\\CODE~UNIVERSE\\VSC WORKSPACE\\PROJECTS\\GESCOM\\WEBSITE\\GESCOM_LARAVEL_FireBaseXDrive\\vendor\\laravel\\framework\\src\\Illuminate\\Http\\Middleware\\ValidatePathEncoding.php(26): Illuminate\\Pipeline\\Pipeline->Illuminate\\Pipeline\\{closure}(Object(Illuminate\\Http\\Request))
#45 C:\\AUTRES\\ALL WORKSPACE\\CODE~UNIVERSE\\VSC WORKSPACE\\PROJECTS\\GESCOM\\WEBSITE\\GESCOM_LARAVEL_FireBaseXDrive\\vendor\\laravel\\framework\\src\\Illuminate\\Pipeline\\Pipeline.php(219): Illuminate\\Http\\Middleware\\ValidatePathEncoding->handle(Object(Illuminate\\Http\\Request), Object(Closure))
#46 C:\\AUTRES\\ALL WORKSPACE\\CODE~UNIVERSE\\VSC WORKSPACE\\PROJECTS\\GESCOM\\WEBSITE\\GESCOM_LARAVEL_FireBaseXDrive\\vendor\\laravel\\framework\\src\\Illuminate\\Pipeline\\Pipeline.php(137): Illuminate\\Pipeline\\Pipeline->Illuminate\\Pipeline\\{closure}(Object(Illuminate\\Http\\Request))
#47 C:\\AUTRES\\ALL WORKSPACE\\CODE~UNIVERSE\\VSC WORKSPACE\\PROJECTS\\GESCOM\\WEBSITE\\GESCOM_LARAVEL_FireBaseXDrive\\vendor\\laravel\\framework\\src\\Illuminate\\Foundation\\Http\\Kernel.php(175): Illuminate\\Pipeline\\Pipeline->then(Object(Closure))
#48 C:\\AUTRES\\ALL WORKSPACE\\CODE~UNIVERSE\\VSC WORKSPACE\\PROJECTS\\GESCOM\\WEBSITE\\GESCOM_LARAVEL_FireBaseXDrive\\vendor\\laravel\\framework\\src\\Illuminate\\Foundation\\Http\\Kernel.php(144): Illuminate\\Foundation\\Http\\Kernel->sendRequestThroughRouter(Object(Illuminate\\Http\\Request))
#49 C:\\AUTRES\\ALL WORKSPACE\\CODE~UNIVERSE\\VSC WORKSPACE\\PROJECTS\\GESCOM\\WEBSITE\\GESCOM_LARAVEL_FireBaseXDrive\\vendor\\laravel\\framework\\src\\Illuminate\\Foundation\\Application.php(1220): Illuminate\\Foundation\\Http\\Kernel->handle(Object(Illuminate\\Http\\Request))
#50 C:\\AUTRES\\ALL WORKSPACE\\CODE~UNIVERSE\\VSC WORKSPACE\\PROJECTS\\GESCOM\\WEBSITE\\GESCOM_LARAVEL_FireBaseXDrive\\public\\index.php(20): Illuminate\\Foundation\\Application->handleRequest(Object(Illuminate\\Http\\Request))
#51 C:\\AUTRES\\ALL WORKSPACE\\CODE~UNIVERSE\\VSC WORKSPACE\\PROJECTS\\GESCOM\\WEBSITE\\GESCOM_LARAVEL_FireBaseXDrive\\vendor\\laravel\\framework\\src\\Illuminate\\Foundation\\resources\\server.php(23): require_once('C:\\\\AUTRES\\\\ALL W...')
#52 {main}
"} 
[2025-10-22 22:37:32] local.ERROR: Class "Google\Client" not found {"exception":"[object] (Error(code: 0): Class \"Google\\Client\" not found at C:\\AUTRES\\ALL WORKSPACE\\CODE~UNIVERSE\\VSC WORKSPACE\\PROJECTS\\GESCOM\\WEBSITE\\GESCOM_LARAVEL_FireBaseXDrive\\app\\Services\\GoogleDriveService.php:27)
[stacktrace]
#0 C:\\AUTRES\\ALL WORKSPACE\\CODE~UNIVERSE\\VSC WORKSPACE\\PROJECTS\\GESCOM\\WEBSITE\\GESCOM_LARAVEL_FireBaseXDrive\\app\\Services\\GoogleDriveService.php(19): App\\Services\\GoogleDriveService->initializeDriveService()
#1 [internal function]: App\\Services\\GoogleDriveService->__construct()
#2 C:\\AUTRES\\ALL WORKSPACE\\CODE~UNIVERSE\\VSC WORKSPACE\\PROJECTS\\GESCOM\\WEBSITE\\GESCOM_LARAVEL_FireBaseXDrive\\vendor\\laravel\\framework\\src\\Illuminate\\Container\\Container.php(1211): ReflectionClass->newInstanceArgs(Array)
#3 C:\\AUTRES\\ALL WORKSPACE\\CODE~UNIVERSE\\VSC WORKSPACE\\PROJECTS\\GESCOM\\WEBSITE\\GESCOM_LARAVEL_FireBaseXDrive\\vendor\\laravel\\framework\\src\\Illuminate\\Container\\Container.php(972): Illuminate\\Container\\Container->build('App\\\\Services\\\\Go...')
#4 C:\\AUTRES\\ALL WORKSPACE\\CODE~UNIVERSE\\VSC WORKSPACE\\PROJECTS\\GESCOM\\WEBSITE\\GESCOM_LARAVEL_FireBaseXDrive\\vendor\\laravel\\framework\\src\\Illuminate\\Foundation\\Application.php(1078): Illuminate\\Container\\Container->resolve('App\\\\Services\\\\Go...', Array, true)
#5 C:\\AUTRES\\ALL WORKSPACE\\CODE~UNIVERSE\\VSC WORKSPACE\\PROJECTS\\GESCOM\\WEBSITE\\GESCOM_LARAVEL_FireBaseXDrive\\vendor\\laravel\\framework\\src\\Illuminate\\Container\\Container.php(903): Illuminate\\Foundation\\Application->resolve('App\\\\Services\\\\Go...', Array)
#6 C:\\AUTRES\\ALL WORKSPACE\\CODE~UNIVERSE\\VSC WORKSPACE\\PROJECTS\\GESCOM\\WEBSITE\\GESCOM_LARAVEL_FireBaseXDrive\\vendor\\laravel\\framework\\src\\Illuminate\\Foundation\\Application.php(1058): Illuminate\\Container\\Container->make('App\\\\Services\\\\Go...', Array)
#7 C:\\AUTRES\\ALL WORKSPACE\\CODE~UNIVERSE\\VSC WORKSPACE\\PROJECTS\\GESCOM\\WEBSITE\\GESCOM_LARAVEL_FireBaseXDrive\\vendor\\laravel\\framework\\src\\Illuminate\\Container\\Container.php(1379): Illuminate\\Foundation\\Application->make('App\\\\Services\\\\Go...')
#8 C:\\AUTRES\\ALL WORKSPACE\\CODE~UNIVERSE\\VSC WORKSPACE\\PROJECTS\\GESCOM\\WEBSITE\\GESCOM_LARAVEL_FireBaseXDrive\\vendor\\laravel\\framework\\src\\Illuminate\\Container\\Container.php(1278): Illuminate\\Container\\Container->resolveClass(Object(ReflectionParameter))
#9 C:\\AUTRES\\ALL WORKSPACE\\CODE~UNIVERSE\\VSC WORKSPACE\\PROJECTS\\GESCOM\\WEBSITE\\GESCOM_LARAVEL_FireBaseXDrive\\vendor\\laravel\\framework\\src\\Illuminate\\Container\\Container.php(1201): Illuminate\\Container\\Container->resolveDependencies(Array)
#10 C:\\AUTRES\\ALL WORKSPACE\\CODE~UNIVERSE\\VSC WORKSPACE\\PROJECTS\\GESCOM\\WEBSITE\\GESCOM_LARAVEL_FireBaseXDrive\\vendor\\laravel\\framework\\src\\Illuminate\\Container\\Container.php(972): Illuminate\\Container\\Container->build('App\\\\Http\\\\Contro...')
#11 C:\\AUTRES\\ALL WORKSPACE\\CODE~UNIVERSE\\VSC WORKSPACE\\PROJECTS\\GESCOM\\WEBSITE\\GESCOM_LARAVEL_FireBaseXDrive\\vendor\\laravel\\framework\\src\\Illuminate\\Foundation\\Application.php(1078): Illuminate\\Container\\Container->resolve('App\\\\Http\\\\Contro...', Array, true)
#12 C:\\AUTRES\\ALL WORKSPACE\\CODE~UNIVERSE\\VSC WORKSPACE\\PROJECTS\\GESCOM\\WEBSITE\\GESCOM_LARAVEL_FireBaseXDrive\\vendor\\laravel\\framework\\src\\Illuminate\\Container\\Container.php(903): Illuminate\\Foundation\\Application->resolve('App\\\\Http\\\\Contro...', Array)
#13 C:\\AUTRES\\ALL WORKSPACE\\CODE~UNIVERSE\\VSC WORKSPACE\\PROJECTS\\GESCOM\\WEBSITE\\GESCOM_LARAVEL_FireBaseXDrive\\vendor\\laravel\\framework\\src\\Illuminate\\Foundation\\Application.php(1058): Illuminate\\Container\\Container->make('App\\\\Http\\\\Contro...', Array)
#14 C:\\AUTRES\\ALL WORKSPACE\\CODE~UNIVERSE\\VSC WORKSPACE\\PROJECTS\\GESCOM\\WEBSITE\\GESCOM_LARAVEL_FireBaseXDrive\\vendor\\laravel\\framework\\src\\Illuminate\\Routing\\Route.php(286): Illuminate\\Foundation\\Application->make('App\\\\Http\\\\Contro...')
#15 C:\\AUTRES\\ALL WORKSPACE\\CODE~UNIVERSE\\VSC WORKSPACE\\PROJECTS\\GESCOM\\WEBSITE\\GESCOM_LARAVEL_FireBaseXDrive\\vendor\\laravel\\framework\\src\\Illuminate\\Routing\\Route.php(266): Illuminate\\Routing\\Route->getController()
#16 C:\\AUTRES\\ALL WORKSPACE\\CODE~UNIVERSE\\VSC WORKSPACE\\PROJECTS\\GESCOM\\WEBSITE\\GESCOM_LARAVEL_FireBaseXDrive\\vendor\\laravel\\framework\\src\\Illuminate\\Routing\\Route.php(211): Illuminate\\Routing\\Route->runController()
#17 C:\\AUTRES\\ALL WORKSPACE\\CODE~UNIVERSE\\VSC WORKSPACE\\PROJECTS\\GESCOM\\WEBSITE\\GESCOM_LARAVEL_FireBaseXDrive\\vendor\\laravel\\framework\\src\\Illuminate\\Routing\\Router.php(822): Illuminate\\Routing\\Route->run()
#18 C:\\AUTRES\\ALL WORKSPACE\\CODE~UNIVERSE\\VSC WORKSPACE\\PROJECTS\\GESCOM\\WEBSITE\\GESCOM_LARAVEL_FireBaseXDrive\\vendor\\laravel\\framework\\src\\Illuminate\\Pipeline\\Pipeline.php(180): Illuminate\\Routing\\Router->Illuminate\\Routing\\{closure}(Object(Illuminate\\Http\\Request))
#19 C:\\AUTRES\\ALL WORKSPACE\\CODE~UNIVERSE\\VSC WORKSPACE\\PROJECTS\\GESCOM\\WEBSITE\\GESCOM_LARAVEL_FireBaseXDrive\\vendor\\laravel\\framework\\src\\Illuminate\\Routing\\Middleware\\SubstituteBindings.php(50): Illuminate\\Pipeline\\Pipeline->Illuminate\\Pipeline\\{closure}(Object(Illuminate\\Http\\Request))
#20 C:\\AUTRES\\ALL WORKSPACE\\CODE~UNIVERSE\\VSC WORKSPACE\\PROJECTS\\GESCOM\\WEBSITE\\GESCOM_LARAVEL_FireBaseXDrive\\vendor\\laravel\\framework\\src\\Illuminate\\Pipeline\\Pipeline.php(219): Illuminate\\Routing\\Middleware\\SubstituteBindings->handle(Object(Illuminate\\Http\\Request), Object(Closure))
#21 C:\\AUTRES\\ALL WORKSPACE\\CODE~UNIVERSE\\VSC WORKSPACE\\PROJECTS\\GESCOM\\WEBSITE\\GESCOM_LARAVEL_FireBaseXDrive\\vendor\\laravel\\framework\\src\\Illuminate\\Pipeline\\Pipeline.php(137): Illuminate\\Pipeline\\Pipeline->Illuminate\\Pipeline\\{closure}(Object(Illuminate\\Http\\Request))
#22 C:\\AUTRES\\ALL WORKSPACE\\CODE~UNIVERSE\\VSC WORKSPACE\\PROJECTS\\GESCOM\\WEBSITE\\GESCOM_LARAVEL_FireBaseXDrive\\vendor\\laravel\\framework\\src\\Illuminate\\Routing\\Router.php(821): Illuminate\\Pipeline\\Pipeline->then(Object(Closure))
#23 C:\\AUTRES\\ALL WORKSPACE\\CODE~UNIVERSE\\VSC WORKSPACE\\PROJECTS\\GESCOM\\WEBSITE\\GESCOM_LARAVEL_FireBaseXDrive\\vendor\\laravel\\framework\\src\\Illuminate\\Routing\\Router.php(800): Illuminate\\Routing\\Router->runRouteWithinStack(Object(Illuminate\\Routing\\Route), Object(Illuminate\\Http\\Request))
#24 C:\\AUTRES\\ALL WORKSPACE\\CODE~UNIVERSE\\VSC WORKSPACE\\PROJECTS\\GESCOM\\WEBSITE\\GESCOM_LARAVEL_FireBaseXDrive\\vendor\\laravel\\framework\\src\\Illuminate\\Routing\\Router.php(764): Illuminate\\Routing\\Router->runRoute(Object(Illuminate\\Http\\Request), Object(Illuminate\\Routing\\Route))
#25 C:\\AUTRES\\ALL WORKSPACE\\CODE~UNIVERSE\\VSC WORKSPACE\\PROJECTS\\GESCOM\\WEBSITE\\GESCOM_LARAVEL_FireBaseXDrive\\vendor\\laravel\\framework\\src\\Illuminate\\Routing\\Router.php(753): Illuminate\\Routing\\Router->dispatchToRoute(Object(Illuminate\\Http\\Request))
#26 C:\\AUTRES\\ALL WORKSPACE\\CODE~UNIVERSE\\VSC WORKSPACE\\PROJECTS\\GESCOM\\WEBSITE\\GESCOM_LARAVEL_FireBaseXDrive\\vendor\\laravel\\framework\\src\\Illuminate\\Foundation\\Http\\Kernel.php(200): Illuminate\\Routing\\Router->dispatch(Object(Illuminate\\Http\\Request))
#27 C:\\AUTRES\\ALL WORKSPACE\\CODE~UNIVERSE\\VSC WORKSPACE\\PROJECTS\\GESCOM\\WEBSITE\\GESCOM_LARAVEL_FireBaseXDrive\\vendor\\laravel\\framework\\src\\Illuminate\\Pipeline\\Pipeline.php(180): Illuminate\\Foundation\\Http\\Kernel->Illuminate\\Foundation\\Http\\{closure}(Object(Illuminate\\Http\\Request))
#28 C:\\AUTRES\\ALL WORKSPACE\\CODE~UNIVERSE\\VSC WORKSPACE\\PROJECTS\\GESCOM\\WEBSITE\\GESCOM_LARAVEL_FireBaseXDrive\\vendor\\laravel\\framework\\src\\Illuminate\\Foundation\\Http\\Middleware\\TransformsRequest.php(21): Illuminate\\Pipeline\\Pipeline->Illuminate\\Pipeline\\{closure}(Object(Illuminate\\Http\\Request))
#29 C:\\AUTRES\\ALL WORKSPACE\\CODE~UNIVERSE\\VSC WORKSPACE\\PROJECTS\\GESCOM\\WEBSITE\\GESCOM_LARAVEL_FireBaseXDrive\\vendor\\laravel\\framework\\src\\Illuminate\\Foundation\\Http\\Middleware\\ConvertEmptyStringsToNull.php(31): Illuminate\\Foundation\\Http\\Middleware\\TransformsRequest->handle(Object(Illuminate\\Http\\Request), Object(Closure))
#30 C:\\AUTRES\\ALL WORKSPACE\\CODE~UNIVERSE\\VSC WORKSPACE\\PROJECTS\\GESCOM\\WEBSITE\\GESCOM_LARAVEL_FireBaseXDrive\\vendor\\laravel\\framework\\src\\Illuminate\\Pipeline\\Pipeline.php(219): Illuminate\\Foundation\\Http\\Middleware\\ConvertEmptyStringsToNull->handle(Object(Illuminate\\Http\\Request), Object(Closure))
#31 C:\\AUTRES\\ALL WORKSPACE\\CODE~UNIVERSE\\VSC WORKSPACE\\PROJECTS\\GESCOM\\WEBSITE\\GESCOM_LARAVEL_FireBaseXDrive\\vendor\\laravel\\framework\\src\\Illuminate\\Foundation\\Http\\Middleware\\TransformsRequest.php(21): Illuminate\\Pipeline\\Pipeline->Illuminate\\Pipeline\\{closure}(Object(Illuminate\\Http\\Request))
#32 C:\\AUTRES\\ALL WORKSPACE\\CODE~UNIVERSE\\VSC WORKSPACE\\PROJECTS\\GESCOM\\WEBSITE\\GESCOM_LARAVEL_FireBaseXDrive\\vendor\\laravel\\framework\\src\\Illuminate\\Foundation\\Http\\Middleware\\TrimStrings.php(51): Illuminate\\Foundation\\Http\\Middleware\\TransformsRequest->handle(Object(Illuminate\\Http\\Request), Object(Closure))
#33 C:\\AUTRES\\ALL WORKSPACE\\CODE~UNIVERSE\\VSC WORKSPACE\\PROJECTS\\GESCOM\\WEBSITE\\GESCOM_LARAVEL_FireBaseXDrive\\vendor\\laravel\\framework\\src\\Illuminate\\Pipeline\\Pipeline.php(219): Illuminate\\Foundation\\Http\\Middleware\\TrimStrings->handle(Object(Illuminate\\Http\\Request), Object(Closure))
#34 C:\\AUTRES\\ALL WORKSPACE\\CODE~UNIVERSE\\VSC WORKSPACE\\PROJECTS\\GESCOM\\WEBSITE\\GESCOM_LARAVEL_FireBaseXDrive\\vendor\\laravel\\framework\\src\\Illuminate\\Http\\Middleware\\ValidatePostSize.php(27): Illuminate\\Pipeline\\Pipeline->Illuminate\\Pipeline\\{closure}(Object(Illuminate\\Http\\Request))
#35 C:\\AUTRES\\ALL WORKSPACE\\CODE~UNIVERSE\\VSC WORKSPACE\\PROJECTS\\GESCOM\\WEBSITE\\GESCOM_LARAVEL_FireBaseXDrive\\vendor\\laravel\\framework\\src\\Illuminate\\Pipeline\\Pipeline.php(219): Illuminate\\Http\\Middleware\\ValidatePostSize->handle(Object(Illuminate\\Http\\Request), Object(Closure))
#36 C:\\AUTRES\\ALL WORKSPACE\\CODE~UNIVERSE\\VSC WORKSPACE\\PROJECTS\\GESCOM\\WEBSITE\\GESCOM_LARAVEL_FireBaseXDrive\\vendor\\laravel\\framework\\src\\Illuminate\\Foundation\\Http\\Middleware\\PreventRequestsDuringMaintenance.php(109): Illuminate\\Pipeline\\Pipeline->Illuminate\\Pipeline\\{closure}(Object(Illuminate\\Http\\Request))
#37 C:\\AUTRES\\ALL WORKSPACE\\CODE~UNIVERSE\\VSC WORKSPACE\\PROJECTS\\GESCOM\\WEBSITE\\GESCOM_LARAVEL_FireBaseXDrive\\vendor\\laravel\\framework\\src\\Illuminate\\Pipeline\\Pipeline.php(219): Illuminate\\Foundation\\Http\\Middleware\\PreventRequestsDuringMaintenance->handle(Object(Illuminate\\Http\\Request), Object(Closure))
#38 C:\\AUTRES\\ALL WORKSPACE\\CODE~UNIVERSE\\VSC WORKSPACE\\PROJECTS\\GESCOM\\WEBSITE\\GESCOM_LARAVEL_FireBaseXDrive\\vendor\\laravel\\framework\\src\\Illuminate\\Http\\Middleware\\HandleCors.php(61): Illuminate\\Pipeline\\Pipeline->Illuminate\\Pipeline\\{closure}(Object(Illuminate\\Http\\Request))
#39 C:\\AUTRES\\ALL WORKSPACE\\CODE~UNIVERSE\\VSC WORKSPACE\\PROJECTS\\GESCOM\\WEBSITE\\GESCOM_LARAVEL_FireBaseXDrive\\vendor\\laravel\\framework\\src\\Illuminate\\Pipeline\\Pipeline.php(219): Illuminate\\Http\\Middleware\\HandleCors->handle(Object(Illuminate\\Http\\Request), Object(Closure))
#40 C:\\AUTRES\\ALL WORKSPACE\\CODE~UNIVERSE\\VSC WORKSPACE\\PROJECTS\\GESCOM\\WEBSITE\\GESCOM_LARAVEL_FireBaseXDrive\\vendor\\laravel\\framework\\src\\Illuminate\\Http\\Middleware\\TrustProxies.php(58): Illuminate\\Pipeline\\Pipeline->Illuminate\\Pipeline\\{closure}(Object(Illuminate\\Http\\Request))
#41 C:\\AUTRES\\ALL WORKSPACE\\CODE~UNIVERSE\\VSC WORKSPACE\\PROJECTS\\GESCOM\\WEBSITE\\GESCOM_LARAVEL_FireBaseXDrive\\vendor\\laravel\\framework\\src\\Illuminate\\Pipeline\\Pipeline.php(219): Illuminate\\Http\\Middleware\\TrustProxies->handle(Object(Illuminate\\Http\\Request), Object(Closure))
#42 C:\\AUTRES\\ALL WORKSPACE\\CODE~UNIVERSE\\VSC WORKSPACE\\PROJECTS\\GESCOM\\WEBSITE\\GESCOM_LARAVEL_FireBaseXDrive\\vendor\\laravel\\framework\\src\\Illuminate\\Foundation\\Http\\Middleware\\InvokeDeferredCallbacks.php(22): Illuminate\\Pipeline\\Pipeline->Illuminate\\Pipeline\\{closure}(Object(Illuminate\\Http\\Request))
#43 C:\\AUTRES\\ALL WORKSPACE\\CODE~UNIVERSE\\VSC WORKSPACE\\PROJECTS\\GESCOM\\WEBSITE\\GESCOM_LARAVEL_FireBaseXDrive\\vendor\\laravel\\framework\\src\\Illuminate\\Pipeline\\Pipeline.php(219): Illuminate\\Foundation\\Http\\Middleware\\InvokeDeferredCallbacks->handle(Object(Illuminate\\Http\\Request), Object(Closure))
#44 C:\\AUTRES\\ALL WORKSPACE\\CODE~UNIVERSE\\VSC WORKSPACE\\PROJECTS\\GESCOM\\WEBSITE\\GESCOM_LARAVEL_FireBaseXDrive\\vendor\\laravel\\framework\\src\\Illuminate\\Http\\Middleware\\ValidatePathEncoding.php(26): Illuminate\\Pipeline\\Pipeline->Illuminate\\Pipeline\\{closure}(Object(Illuminate\\Http\\Request))
#45 C:\\AUTRES\\ALL WORKSPACE\\CODE~UNIVERSE\\VSC WORKSPACE\\PROJECTS\\GESCOM\\WEBSITE\\GESCOM_LARAVEL_FireBaseXDrive\\vendor\\laravel\\framework\\src\\Illuminate\\Pipeline\\Pipeline.php(219): Illuminate\\Http\\Middleware\\ValidatePathEncoding->handle(Object(Illuminate\\Http\\Request), Object(Closure))
#46 C:\\AUTRES\\ALL WORKSPACE\\CODE~UNIVERSE\\VSC WORKSPACE\\PROJECTS\\GESCOM\\WEBSITE\\GESCOM_LARAVEL_FireBaseXDrive\\vendor\\laravel\\framework\\src\\Illuminate\\Pipeline\\Pipeline.php(137): Illuminate\\Pipeline\\Pipeline->Illuminate\\Pipeline\\{closure}(Object(Illuminate\\Http\\Request))
#47 C:\\AUTRES\\ALL WORKSPACE\\CODE~UNIVERSE\\VSC WORKSPACE\\PROJECTS\\GESCOM\\WEBSITE\\GESCOM_LARAVEL_FireBaseXDrive\\vendor\\laravel\\framework\\src\\Illuminate\\Foundation\\Http\\Kernel.php(175): Illuminate\\Pipeline\\Pipeline->then(Object(Closure))
#48 C:\\AUTRES\\ALL WORKSPACE\\CODE~UNIVERSE\\VSC WORKSPACE\\PROJECTS\\GESCOM\\WEBSITE\\GESCOM_LARAVEL_FireBaseXDrive\\vendor\\laravel\\framework\\src\\Illuminate\\Foundation\\Http\\Kernel.php(144): Illuminate\\Foundation\\Http\\Kernel->sendRequestThroughRouter(Object(Illuminate\\Http\\Request))
#49 C:\\AUTRES\\ALL WORKSPACE\\CODE~UNIVERSE\\VSC WORKSPACE\\PROJECTS\\GESCOM\\WEBSITE\\GESCOM_LARAVEL_FireBaseXDrive\\vendor\\laravel\\framework\\src\\Illuminate\\Foundation\\Application.php(1220): Illuminate\\Foundation\\Http\\Kernel->handle(Object(Illuminate\\Http\\Request))
#50 C:\\AUTRES\\ALL WORKSPACE\\CODE~UNIVERSE\\VSC WORKSPACE\\PROJECTS\\GESCOM\\WEBSITE\\GESCOM_LARAVEL_FireBaseXDrive\\public\\index.php(20): Illuminate\\Foundation\\Application->handleRequest(Object(Illuminate\\Http\\Request))
#51 C:\\AUTRES\\ALL WORKSPACE\\CODE~UNIVERSE\\VSC WORKSPACE\\PROJECTS\\GESCOM\\WEBSITE\\GESCOM_LARAVEL_FireBaseXDrive\\vendor\\laravel\\framework\\src\\Illuminate\\Foundation\\resources\\server.php(23): require_once('C:\\\\AUTRES\\\\ALL W...')
#52 {main}
"} 
[2025-10-22 22:38:07] local.ERROR: Class "Google\Client" not found {"exception":"[object] (Error(code: 0): Class \"Google\\Client\" not found at C:\\AUTRES\\ALL WORKSPACE\\CODE~UNIVERSE\\VSC WORKSPACE\\PROJECTS\\GESCOM\\WEBSITE\\GESCOM_LARAVEL_FireBaseXDrive\\app\\Services\\GoogleDriveService.php:27)
[stacktrace]
#0 C:\\AUTRES\\ALL WORKSPACE\\CODE~UNIVERSE\\VSC WORKSPACE\\PROJECTS\\GESCOM\\WEBSITE\\GESCOM_LARAVEL_FireBaseXDrive\\app\\Services\\GoogleDriveService.php(19): App\\Services\\GoogleDriveService->initializeDriveService()
#1 [internal function]: App\\Services\\GoogleDriveService->__construct()
#2 C:\\AUTRES\\ALL WORKSPACE\\CODE~UNIVERSE\\VSC WORKSPACE\\PROJECTS\\GESCOM\\WEBSITE\\GESCOM_LARAVEL_FireBaseXDrive\\vendor\\laravel\\framework\\src\\Illuminate\\Container\\Container.php(1211): ReflectionClass->newInstanceArgs(Array)
#3 C:\\AUTRES\\ALL WORKSPACE\\CODE~UNIVERSE\\VSC WORKSPACE\\PROJECTS\\GESCOM\\WEBSITE\\GESCOM_LARAVEL_FireBaseXDrive\\vendor\\laravel\\framework\\src\\Illuminate\\Container\\Container.php(972): Illuminate\\Container\\Container->build('App\\\\Services\\\\Go...')
#4 C:\\AUTRES\\ALL WORKSPACE\\CODE~UNIVERSE\\VSC WORKSPACE\\PROJECTS\\GESCOM\\WEBSITE\\GESCOM_LARAVEL_FireBaseXDrive\\vendor\\laravel\\framework\\src\\Illuminate\\Foundation\\Application.php(1078): Illuminate\\Container\\Container->resolve('App\\\\Services\\\\Go...', Array, true)
#5 C:\\AUTRES\\ALL WORKSPACE\\CODE~UNIVERSE\\VSC WORKSPACE\\PROJECTS\\GESCOM\\WEBSITE\\GESCOM_LARAVEL_FireBaseXDrive\\vendor\\laravel\\framework\\src\\Illuminate\\Container\\Container.php(903): Illuminate\\Foundation\\Application->resolve('App\\\\Services\\\\Go...', Array)
#6 C:\\AUTRES\\ALL WORKSPACE\\CODE~UNIVERSE\\VSC WORKSPACE\\PROJECTS\\GESCOM\\WEBSITE\\GESCOM_LARAVEL_FireBaseXDrive\\vendor\\laravel\\framework\\src\\Illuminate\\Foundation\\Application.php(1058): Illuminate\\Container\\Container->make('App\\\\Services\\\\Go...', Array)
#7 C:\\AUTRES\\ALL WORKSPACE\\CODE~UNIVERSE\\VSC WORKSPACE\\PROJECTS\\GESCOM\\WEBSITE\\GESCOM_LARAVEL_FireBaseXDrive\\vendor\\laravel\\framework\\src\\Illuminate\\Container\\Container.php(1379): Illuminate\\Foundation\\Application->make('App\\\\Services\\\\Go...')
#8 C:\\AUTRES\\ALL WORKSPACE\\CODE~UNIVERSE\\VSC WORKSPACE\\PROJECTS\\GESCOM\\WEBSITE\\GESCOM_LARAVEL_FireBaseXDrive\\vendor\\laravel\\framework\\src\\Illuminate\\Container\\Container.php(1278): Illuminate\\Container\\Container->resolveClass(Object(ReflectionParameter))
#9 C:\\AUTRES\\ALL WORKSPACE\\CODE~UNIVERSE\\VSC WORKSPACE\\PROJECTS\\GESCOM\\WEBSITE\\GESCOM_LARAVEL_FireBaseXDrive\\vendor\\laravel\\framework\\src\\Illuminate\\Container\\Container.php(1201): Illuminate\\Container\\Container->resolveDependencies(Array)
#10 C:\\AUTRES\\ALL WORKSPACE\\CODE~UNIVERSE\\VSC WORKSPACE\\PROJECTS\\GESCOM\\WEBSITE\\GESCOM_LARAVEL_FireBaseXDrive\\vendor\\laravel\\framework\\src\\Illuminate\\Container\\Container.php(972): Illuminate\\Container\\Container->build('App\\\\Http\\\\Contro...')
#11 C:\\AUTRES\\ALL WORKSPACE\\CODE~UNIVERSE\\VSC WORKSPACE\\PROJECTS\\GESCOM\\WEBSITE\\GESCOM_LARAVEL_FireBaseXDrive\\vendor\\laravel\\framework\\src\\Illuminate\\Foundation\\Application.php(1078): Illuminate\\Container\\Container->resolve('App\\\\Http\\\\Contro...', Array, true)
#12 C:\\AUTRES\\ALL WORKSPACE\\CODE~UNIVERSE\\VSC WORKSPACE\\PROJECTS\\GESCOM\\WEBSITE\\GESCOM_LARAVEL_FireBaseXDrive\\vendor\\laravel\\framework\\src\\Illuminate\\Container\\Container.php(903): Illuminate\\Foundation\\Application->resolve('App\\\\Http\\\\Contro...', Array)
#13 C:\\AUTRES\\ALL WORKSPACE\\CODE~UNIVERSE\\VSC WORKSPACE\\PROJECTS\\GESCOM\\WEBSITE\\GESCOM_LARAVEL_FireBaseXDrive\\vendor\\laravel\\framework\\src\\Illuminate\\Foundation\\Application.php(1058): Illuminate\\Container\\Container->make('App\\\\Http\\\\Contro...', Array)
#14 C:\\AUTRES\\ALL WORKSPACE\\CODE~UNIVERSE\\VSC WORKSPACE\\PROJECTS\\GESCOM\\WEBSITE\\GESCOM_LARAVEL_FireBaseXDrive\\vendor\\laravel\\framework\\src\\Illuminate\\Routing\\Route.php(286): Illuminate\\Foundation\\Application->make('App\\\\Http\\\\Contro...')
#15 C:\\AUTRES\\ALL WORKSPACE\\CODE~UNIVERSE\\VSC WORKSPACE\\PROJECTS\\GESCOM\\WEBSITE\\GESCOM_LARAVEL_FireBaseXDrive\\vendor\\laravel\\framework\\src\\Illuminate\\Routing\\Route.php(266): Illuminate\\Routing\\Route->getController()
#16 C:\\AUTRES\\ALL WORKSPACE\\CODE~UNIVERSE\\VSC WORKSPACE\\PROJECTS\\GESCOM\\WEBSITE\\GESCOM_LARAVEL_FireBaseXDrive\\vendor\\laravel\\framework\\src\\Illuminate\\Routing\\Route.php(211): Illuminate\\Routing\\Route->runController()
#17 C:\\AUTRES\\ALL WORKSPACE\\CODE~UNIVERSE\\VSC WORKSPACE\\PROJECTS\\GESCOM\\WEBSITE\\GESCOM_LARAVEL_FireBaseXDrive\\vendor\\laravel\\framework\\src\\Illuminate\\Routing\\Router.php(822): Illuminate\\Routing\\Route->run()
#18 C:\\AUTRES\\ALL WORKSPACE\\CODE~UNIVERSE\\VSC WORKSPACE\\PROJECTS\\GESCOM\\WEBSITE\\GESCOM_LARAVEL_FireBaseXDrive\\vendor\\laravel\\framework\\src\\Illuminate\\Pipeline\\Pipeline.php(180): Illuminate\\Routing\\Router->Illuminate\\Routing\\{closure}(Object(Illuminate\\Http\\Request))
#19 C:\\AUTRES\\ALL WORKSPACE\\CODE~UNIVERSE\\VSC WORKSPACE\\PROJECTS\\GESCOM\\WEBSITE\\GESCOM_LARAVEL_FireBaseXDrive\\vendor\\laravel\\framework\\src\\Illuminate\\Routing\\Middleware\\SubstituteBindings.php(50): Illuminate\\Pipeline\\Pipeline->Illuminate\\Pipeline\\{closure}(Object(Illuminate\\Http\\Request))
#20 C:\\AUTRES\\ALL WORKSPACE\\CODE~UNIVERSE\\VSC WORKSPACE\\PROJECTS\\GESCOM\\WEBSITE\\GESCOM_LARAVEL_FireBaseXDrive\\vendor\\laravel\\framework\\src\\Illuminate\\Pipeline\\Pipeline.php(219): Illuminate\\Routing\\Middleware\\SubstituteBindings->handle(Object(Illuminate\\Http\\Request), Object(Closure))
#21 C:\\AUTRES\\ALL WORKSPACE\\CODE~UNIVERSE\\VSC WORKSPACE\\PROJECTS\\GESCOM\\WEBSITE\\GESCOM_LARAVEL_FireBaseXDrive\\vendor\\laravel\\framework\\src\\Illuminate\\Pipeline\\Pipeline.php(137): Illuminate\\Pipeline\\Pipeline->Illuminate\\Pipeline\\{closure}(Object(Illuminate\\Http\\Request))
#22 C:\\AUTRES\\ALL WORKSPACE\\CODE~UNIVERSE\\VSC WORKSPACE\\PROJECTS\\GESCOM\\WEBSITE\\GESCOM_LARAVEL_FireBaseXDrive\\vendor\\laravel\\framework\\src\\Illuminate\\Routing\\Router.php(821): Illuminate\\Pipeline\\Pipeline->then(Object(Closure))
#23 C:\\AUTRES\\ALL WORKSPACE\\CODE~UNIVERSE\\VSC WORKSPACE\\PROJECTS\\GESCOM\\WEBSITE\\GESCOM_LARAVEL_FireBaseXDrive\\vendor\\laravel\\framework\\src\\Illuminate\\Routing\\Router.php(800): Illuminate\\Routing\\Router->runRouteWithinStack(Object(Illuminate\\Routing\\Route), Object(Illuminate\\Http\\Request))
#24 C:\\AUTRES\\ALL WORKSPACE\\CODE~UNIVERSE\\VSC WORKSPACE\\PROJECTS\\GESCOM\\WEBSITE\\GESCOM_LARAVEL_FireBaseXDrive\\vendor\\laravel\\framework\\src\\Illuminate\\Routing\\Router.php(764): Illuminate\\Routing\\Router->runRoute(Object(Illuminate\\Http\\Request), Object(Illuminate\\Routing\\Route))
#25 C:\\AUTRES\\ALL WORKSPACE\\CODE~UNIVERSE\\VSC WORKSPACE\\PROJECTS\\GESCOM\\WEBSITE\\GESCOM_LARAVEL_FireBaseXDrive\\vendor\\laravel\\framework\\src\\Illuminate\\Routing\\Router.php(753): Illuminate\\Routing\\Router->dispatchToRoute(Object(Illuminate\\Http\\Request))
#26 C:\\AUTRES\\ALL WORKSPACE\\CODE~UNIVERSE\\VSC WORKSPACE\\PROJECTS\\GESCOM\\WEBSITE\\GESCOM_LARAVEL_FireBaseXDrive\\vendor\\laravel\\framework\\src\\Illuminate\\Foundation\\Http\\Kernel.php(200): Illuminate\\Routing\\Router->dispatch(Object(Illuminate\\Http\\Request))
#27 C:\\AUTRES\\ALL WORKSPACE\\CODE~UNIVERSE\\VSC WORKSPACE\\PROJECTS\\GESCOM\\WEBSITE\\GESCOM_LARAVEL_FireBaseXDrive\\vendor\\laravel\\framework\\src\\Illuminate\\Pipeline\\Pipeline.php(180): Illuminate\\Foundation\\Http\\Kernel->Illuminate\\Foundation\\Http\\{closure}(Object(Illuminate\\Http\\Request))
#28 C:\\AUTRES\\ALL WORKSPACE\\CODE~UNIVERSE\\VSC WORKSPACE\\PROJECTS\\GESCOM\\WEBSITE\\GESCOM_LARAVEL_FireBaseXDrive\\vendor\\laravel\\framework\\src\\Illuminate\\Foundation\\Http\\Middleware\\TransformsRequest.php(21): Illuminate\\Pipeline\\Pipeline->Illuminate\\Pipeline\\{closure}(Object(Illuminate\\Http\\Request))
#29 C:\\AUTRES\\ALL WORKSPACE\\CODE~UNIVERSE\\VSC WORKSPACE\\PROJECTS\\GESCOM\\WEBSITE\\GESCOM_LARAVEL_FireBaseXDrive\\vendor\\laravel\\framework\\src\\Illuminate\\Foundation\\Http\\Middleware\\ConvertEmptyStringsToNull.php(31): Illuminate\\Foundation\\Http\\Middleware\\TransformsRequest->handle(Object(Illuminate\\Http\\Request), Object(Closure))
#30 C:\\AUTRES\\ALL WORKSPACE\\CODE~UNIVERSE\\VSC WORKSPACE\\PROJECTS\\GESCOM\\WEBSITE\\GESCOM_LARAVEL_FireBaseXDrive\\vendor\\laravel\\framework\\src\\Illuminate\\Pipeline\\Pipeline.php(219): Illuminate\\Foundation\\Http\\Middleware\\ConvertEmptyStringsToNull->handle(Object(Illuminate\\Http\\Request), Object(Closure))
#31 C:\\AUTRES\\ALL WORKSPACE\\CODE~UNIVERSE\\VSC WORKSPACE\\PROJECTS\\GESCOM\\WEBSITE\\GESCOM_LARAVEL_FireBaseXDrive\\vendor\\laravel\\framework\\src\\Illuminate\\Foundation\\Http\\Middleware\\TransformsRequest.php(21): Illuminate\\Pipeline\\Pipeline->Illuminate\\Pipeline\\{closure}(Object(Illuminate\\Http\\Request))
#32 C:\\AUTRES\\ALL WORKSPACE\\CODE~UNIVERSE\\VSC WORKSPACE\\PROJECTS\\GESCOM\\WEBSITE\\GESCOM_LARAVEL_FireBaseXDrive\\vendor\\laravel\\framework\\src\\Illuminate\\Foundation\\Http\\Middleware\\TrimStrings.php(51): Illuminate\\Foundation\\Http\\Middleware\\TransformsRequest->handle(Object(Illuminate\\Http\\Request), Object(Closure))
#33 C:\\AUTRES\\ALL WORKSPACE\\CODE~UNIVERSE\\VSC WORKSPACE\\PROJECTS\\GESCOM\\WEBSITE\\GESCOM_LARAVEL_FireBaseXDrive\\vendor\\laravel\\framework\\src\\Illuminate\\Pipeline\\Pipeline.php(219): Illuminate\\Foundation\\Http\\Middleware\\TrimStrings->handle(Object(Illuminate\\Http\\Request), Object(Closure))
#34 C:\\AUTRES\\ALL WORKSPACE\\CODE~UNIVERSE\\VSC WORKSPACE\\PROJECTS\\GESCOM\\WEBSITE\\GESCOM_LARAVEL_FireBaseXDrive\\vendor\\laravel\\framework\\src\\Illuminate\\Http\\Middleware\\ValidatePostSize.php(27): Illuminate\\Pipeline\\Pipeline->Illuminate\\Pipeline\\{closure}(Object(Illuminate\\Http\\Request))
#35 C:\\AUTRES\\ALL WORKSPACE\\CODE~UNIVERSE\\VSC WORKSPACE\\PROJECTS\\GESCOM\\WEBSITE\\GESCOM_LARAVEL_FireBaseXDrive\\vendor\\laravel\\framework\\src\\Illuminate\\Pipeline\\Pipeline.php(219): Illuminate\\Http\\Middleware\\ValidatePostSize->handle(Object(Illuminate\\Http\\Request), Object(Closure))
#36 C:\\AUTRES\\ALL WORKSPACE\\CODE~UNIVERSE\\VSC WORKSPACE\\PROJECTS\\GESCOM\\WEBSITE\\GESCOM_LARAVEL_FireBaseXDrive\\vendor\\laravel\\framework\\src\\Illuminate\\Foundation\\Http\\Middleware\\PreventRequestsDuringMaintenance.php(109): Illuminate\\Pipeline\\Pipeline->Illuminate\\Pipeline\\{closure}(Object(Illuminate\\Http\\Request))
#37 C:\\AUTRES\\ALL WORKSPACE\\CODE~UNIVERSE\\VSC WORKSPACE\\PROJECTS\\GESCOM\\WEBSITE\\GESCOM_LARAVEL_FireBaseXDrive\\vendor\\laravel\\framework\\src\\Illuminate\\Pipeline\\Pipeline.php(219): Illuminate\\Foundation\\Http\\Middleware\\PreventRequestsDuringMaintenance->handle(Object(Illuminate\\Http\\Request), Object(Closure))
#38 C:\\AUTRES\\ALL WORKSPACE\\CODE~UNIVERSE\\VSC WORKSPACE\\PROJECTS\\GESCOM\\WEBSITE\\GESCOM_LARAVEL_FireBaseXDrive\\vendor\\laravel\\framework\\src\\Illuminate\\Http\\Middleware\\HandleCors.php(61): Illuminate\\Pipeline\\Pipeline->Illuminate\\Pipeline\\{closure}(Object(Illuminate\\Http\\Request))
#39 C:\\AUTRES\\ALL WORKSPACE\\CODE~UNIVERSE\\VSC WORKSPACE\\PROJECTS\\GESCOM\\WEBSITE\\GESCOM_LARAVEL_FireBaseXDrive\\vendor\\laravel\\framework\\src\\Illuminate\\Pipeline\\Pipeline.php(219): Illuminate\\Http\\Middleware\\HandleCors->handle(Object(Illuminate\\Http\\Request), Object(Closure))
#40 C:\\AUTRES\\ALL WORKSPACE\\CODE~UNIVERSE\\VSC WORKSPACE\\PROJECTS\\GESCOM\\WEBSITE\\GESCOM_LARAVEL_FireBaseXDrive\\vendor\\laravel\\framework\\src\\Illuminate\\Http\\Middleware\\TrustProxies.php(58): Illuminate\\Pipeline\\Pipeline->Illuminate\\Pipeline\\{closure}(Object(Illuminate\\Http\\Request))
#41 C:\\AUTRES\\ALL WORKSPACE\\CODE~UNIVERSE\\VSC WORKSPACE\\PROJECTS\\GESCOM\\WEBSITE\\GESCOM_LARAVEL_FireBaseXDrive\\vendor\\laravel\\framework\\src\\Illuminate\\Pipeline\\Pipeline.php(219): Illuminate\\Http\\Middleware\\TrustProxies->handle(Object(Illuminate\\Http\\Request), Object(Closure))
#42 C:\\AUTRES\\ALL WORKSPACE\\CODE~UNIVERSE\\VSC WORKSPACE\\PROJECTS\\GESCOM\\WEBSITE\\GESCOM_LARAVEL_FireBaseXDrive\\vendor\\laravel\\framework\\src\\Illuminate\\Foundation\\Http\\Middleware\\InvokeDeferredCallbacks.php(22): Illuminate\\Pipeline\\Pipeline->Illuminate\\Pipeline\\{closure}(Object(Illuminate\\Http\\Request))
#43 C:\\AUTRES\\ALL WORKSPACE\\CODE~UNIVERSE\\VSC WORKSPACE\\PROJECTS\\GESCOM\\WEBSITE\\GESCOM_LARAVEL_FireBaseXDrive\\vendor\\laravel\\framework\\src\\Illuminate\\Pipeline\\Pipeline.php(219): Illuminate\\Foundation\\Http\\Middleware\\InvokeDeferredCallbacks->handle(Object(Illuminate\\Http\\Request), Object(Closure))
#44 C:\\AUTRES\\ALL WORKSPACE\\CODE~UNIVERSE\\VSC WORKSPACE\\PROJECTS\\GESCOM\\WEBSITE\\GESCOM_LARAVEL_FireBaseXDrive\\vendor\\laravel\\framework\\src\\Illuminate\\Http\\Middleware\\ValidatePathEncoding.php(26): Illuminate\\Pipeline\\Pipeline->Illuminate\\Pipeline\\{closure}(Object(Illuminate\\Http\\Request))
#45 C:\\AUTRES\\ALL WORKSPACE\\CODE~UNIVERSE\\VSC WORKSPACE\\PROJECTS\\GESCOM\\WEBSITE\\GESCOM_LARAVEL_FireBaseXDrive\\vendor\\laravel\\framework\\src\\Illuminate\\Pipeline\\Pipeline.php(219): Illuminate\\Http\\Middleware\\ValidatePathEncoding->handle(Object(Illuminate\\Http\\Request), Object(Closure))
#46 C:\\AUTRES\\ALL WORKSPACE\\CODE~UNIVERSE\\VSC WORKSPACE\\PROJECTS\\GESCOM\\WEBSITE\\GESCOM_LARAVEL_FireBaseXDrive\\vendor\\laravel\\framework\\src\\Illuminate\\Pipeline\\Pipeline.php(137): Illuminate\\Pipeline\\Pipeline->Illuminate\\Pipeline\\{closure}(Object(Illuminate\\Http\\Request))
#47 C:\\AUTRES\\ALL WORKSPACE\\CODE~UNIVERSE\\VSC WORKSPACE\\PROJECTS\\GESCOM\\WEBSITE\\GESCOM_LARAVEL_FireBaseXDrive\\vendor\\laravel\\framework\\src\\Illuminate\\Foundation\\Http\\Kernel.php(175): Illuminate\\Pipeline\\Pipeline->then(Object(Closure))
#48 C:\\AUTRES\\ALL WORKSPACE\\CODE~UNIVERSE\\VSC WORKSPACE\\PROJECTS\\GESCOM\\WEBSITE\\GESCOM_LARAVEL_FireBaseXDrive\\vendor\\laravel\\framework\\src\\Illuminate\\Foundation\\Http\\Kernel.php(144): Illuminate\\Foundation\\Http\\Kernel->sendRequestThroughRouter(Object(Illuminate\\Http\\Request))
#49 C:\\AUTRES\\ALL WORKSPACE\\CODE~UNIVERSE\\VSC WORKSPACE\\PROJECTS\\GESCOM\\WEBSITE\\GESCOM_LARAVEL_FireBaseXDrive\\vendor\\laravel\\framework\\src\\Illuminate\\Foundation\\Application.php(1220): Illuminate\\Foundation\\Http\\Kernel->handle(Object(Illuminate\\Http\\Request))
#50 C:\\AUTRES\\ALL WORKSPACE\\CODE~UNIVERSE\\VSC WORKSPACE\\PROJECTS\\GESCOM\\WEBSITE\\GESCOM_LARAVEL_FireBaseXDrive\\public\\index.php(20): Illuminate\\Foundation\\Application->handleRequest(Object(Illuminate\\Http\\Request))
#51 C:\\AUTRES\\ALL WORKSPACE\\CODE~UNIVERSE\\VSC WORKSPACE\\PROJECTS\\GESCOM\\WEBSITE\\GESCOM_LARAVEL_FireBaseXDrive\\vendor\\laravel\\framework\\src\\Illuminate\\Foundation\\resources\\server.php(23): require_once('C:\\\\AUTRES\\\\ALL W...')
#52 {main}
"} 
[2025-10-22 23:45:16] local.ERROR: Erreur lors de la récupération des paramètres entreprise {"error":"SQLSTATE[HY000]: General error: 1 no such table: company_settings (Connection: sqlite, SQL: select * from \"company_settings\" limit 1)"} 
[2025-10-23 01:43:43] local.ERROR: Call to undefined method App\Http\Controllers\Api\ContenuController::update() {"userId":"4","exception":"[object] (Error(code: 0): Call to undefined method App\\Http\\Controllers\\Api\\ContenuController::update() at C:\\AUTRES\\ALL WORKSPACE\\CODE~UNIVERSE\\VSC WORKSPACE\\PROJECTS\\GESCOM\\WEBSITE\\GESCOM_LARAVEL_FireBaseXDrive\\vendor\\laravel\\framework\\src\\Illuminate\\Routing\\ControllerDispatcher.php:46)
[stacktrace]
#0 C:\\AUTRES\\ALL WORKSPACE\\CODE~UNIVERSE\\VSC WORKSPACE\\PROJECTS\\GESCOM\\WEBSITE\\GESCOM_LARAVEL_FireBaseXDrive\\vendor\\laravel\\framework\\src\\Illuminate\\Routing\\Route.php(265): Illuminate\\Routing\\ControllerDispatcher->dispatch(Object(Illuminate\\Routing\\Route), Object(App\\Http\\Controllers\\Api\\ContenuController), 'update')
#1 C:\\AUTRES\\ALL WORKSPACE\\CODE~UNIVERSE\\VSC WORKSPACE\\PROJECTS\\GESCOM\\WEBSITE\\GESCOM_LARAVEL_FireBaseXDrive\\vendor\\laravel\\framework\\src\\Illuminate\\Routing\\Route.php(211): Illuminate\\Routing\\Route->runController()
#2 C:\\AUTRES\\ALL WORKSPACE\\CODE~UNIVERSE\\VSC WORKSPACE\\PROJECTS\\GESCOM\\WEBSITE\\GESCOM_LARAVEL_FireBaseXDrive\\vendor\\laravel\\framework\\src\\Illuminate\\Routing\\Router.php(822): Illuminate\\Routing\\Route->run()
#3 C:\\AUTRES\\ALL WORKSPACE\\CODE~UNIVERSE\\VSC WORKSPACE\\PROJECTS\\GESCOM\\WEBSITE\\GESCOM_LARAVEL_FireBaseXDrive\\vendor\\laravel\\framework\\src\\Illuminate\\Pipeline\\Pipeline.php(180): Illuminate\\Routing\\Router->Illuminate\\Routing\\{closure}(Object(Illuminate\\Http\\Request))
#4 C:\\AUTRES\\ALL WORKSPACE\\CODE~UNIVERSE\\VSC WORKSPACE\\PROJECTS\\GESCOM\\WEBSITE\\GESCOM_LARAVEL_FireBaseXDrive\\app\\Http\\Middleware\\FirebaseTokenMiddleware.php(46): Illuminate\\Pipeline\\Pipeline->Illuminate\\Pipeline\\{closure}(Object(Illuminate\\Http\\Request))
#5 C:\\AUTRES\\ALL WORKSPACE\\CODE~UNIVERSE\\VSC WORKSPACE\\PROJECTS\\GESCOM\\WEBSITE\\GESCOM_LARAVEL_FireBaseXDrive\\vendor\\laravel\\framework\\src\\Illuminate\\Pipeline\\Pipeline.php(219): App\\Http\\Middleware\\FirebaseTokenMiddleware->handle(Object(Illuminate\\Http\\Request), Object(Closure))
#6 C:\\AUTRES\\ALL WORKSPACE\\CODE~UNIVERSE\\VSC WORKSPACE\\PROJECTS\\GESCOM\\WEBSITE\\GESCOM_LARAVEL_FireBaseXDrive\\vendor\\laravel\\framework\\src\\Illuminate\\Routing\\Middleware\\SubstituteBindings.php(50): Illuminate\\Pipeline\\Pipeline->Illuminate\\Pipeline\\{closure}(Object(Illuminate\\Http\\Request))
#7 C:\\AUTRES\\ALL WORKSPACE\\CODE~UNIVERSE\\VSC WORKSPACE\\PROJECTS\\GESCOM\\WEBSITE\\GESCOM_LARAVEL_FireBaseXDrive\\vendor\\laravel\\framework\\src\\Illuminate\\Pipeline\\Pipeline.php(219): Illuminate\\Routing\\Middleware\\SubstituteBindings->handle(Object(Illuminate\\Http\\Request), Object(Closure))
#8 C:\\AUTRES\\ALL WORKSPACE\\CODE~UNIVERSE\\VSC WORKSPACE\\PROJECTS\\GESCOM\\WEBSITE\\GESCOM_LARAVEL_FireBaseXDrive\\vendor\\laravel\\framework\\src\\Illuminate\\Pipeline\\Pipeline.php(137): Illuminate\\Pipeline\\Pipeline->Illuminate\\Pipeline\\{closure}(Object(Illuminate\\Http\\Request))
#9 C:\\AUTRES\\ALL WORKSPACE\\CODE~UNIVERSE\\VSC WORKSPACE\\PROJECTS\\GESCOM\\WEBSITE\\GESCOM_LARAVEL_FireBaseXDrive\\vendor\\laravel\\framework\\src\\Illuminate\\Routing\\Router.php(821): Illuminate\\Pipeline\\Pipeline->then(Object(Closure))
#10 C:\\AUTRES\\ALL WORKSPACE\\CODE~UNIVERSE\\VSC WORKSPACE\\PROJECTS\\GESCOM\\WEBSITE\\GESCOM_LARAVEL_FireBaseXDrive\\vendor\\laravel\\framework\\src\\Illuminate\\Routing\\Router.php(800): Illuminate\\Routing\\Router->runRouteWithinStack(Object(Illuminate\\Routing\\Route), Object(Illuminate\\Http\\Request))
#11 C:\\AUTRES\\ALL WORKSPACE\\CODE~UNIVERSE\\VSC WORKSPACE\\PROJECTS\\GESCOM\\WEBSITE\\GESCOM_LARAVEL_FireBaseXDrive\\vendor\\laravel\\framework\\src\\Illuminate\\Routing\\Router.php(764): Illuminate\\Routing\\Router->runRoute(Object(Illuminate\\Http\\Request), Object(Illuminate\\Routing\\Route))
#12 C:\\AUTRES\\ALL WORKSPACE\\CODE~UNIVERSE\\VSC WORKSPACE\\PROJECTS\\GESCOM\\WEBSITE\\GESCOM_LARAVEL_FireBaseXDrive\\vendor\\laravel\\framework\\src\\Illuminate\\Routing\\Router.php(753): Illuminate\\Routing\\Router->dispatchToRoute(Object(Illuminate\\Http\\Request))
#13 C:\\AUTRES\\ALL WORKSPACE\\CODE~UNIVERSE\\VSC WORKSPACE\\PROJECTS\\GESCOM\\WEBSITE\\GESCOM_LARAVEL_FireBaseXDrive\\vendor\\laravel\\framework\\src\\Illuminate\\Foundation\\Http\\Kernel.php(200): Illuminate\\Routing\\Router->dispatch(Object(Illuminate\\Http\\Request))
#14 C:\\AUTRES\\ALL WORKSPACE\\CODE~UNIVERSE\\VSC WORKSPACE\\PROJECTS\\GESCOM\\WEBSITE\\GESCOM_LARAVEL_FireBaseXDrive\\vendor\\laravel\\framework\\src\\Illuminate\\Pipeline\\Pipeline.php(180): Illuminate\\Foundation\\Http\\Kernel->Illuminate\\Foundation\\Http\\{closure}(Object(Illuminate\\Http\\Request))
#15 C:\\AUTRES\\ALL WORKSPACE\\CODE~UNIVERSE\\VSC WORKSPACE\\PROJECTS\\GESCOM\\WEBSITE\\GESCOM_LARAVEL_FireBaseXDrive\\vendor\\laravel\\framework\\src\\Illuminate\\Foundation\\Http\\Middleware\\TransformsRequest.php(21): Illuminate\\Pipeline\\Pipeline->Illuminate\\Pipeline\\{closure}(Object(Illuminate\\Http\\Request))
#16 C:\\AUTRES\\ALL WORKSPACE\\CODE~UNIVERSE\\VSC WORKSPACE\\PROJECTS\\GESCOM\\WEBSITE\\GESCOM_LARAVEL_FireBaseXDrive\\vendor\\laravel\\framework\\src\\Illuminate\\Foundation\\Http\\Middleware\\ConvertEmptyStringsToNull.php(31): Illuminate\\Foundation\\Http\\Middleware\\TransformsRequest->handle(Object(Illuminate\\Http\\Request), Object(Closure))
#17 C:\\AUTRES\\ALL WORKSPACE\\CODE~UNIVERSE\\VSC WORKSPACE\\PROJECTS\\GESCOM\\WEBSITE\\GESCOM_LARAVEL_FireBaseXDrive\\vendor\\laravel\\framework\\src\\Illuminate\\Pipeline\\Pipeline.php(219): Illuminate\\Foundation\\Http\\Middleware\\ConvertEmptyStringsToNull->handle(Object(Illuminate\\Http\\Request), Object(Closure))
#18 C:\\AUTRES\\ALL WORKSPACE\\CODE~UNIVERSE\\VSC WORKSPACE\\PROJECTS\\GESCOM\\WEBSITE\\GESCOM_LARAVEL_FireBaseXDrive\\vendor\\laravel\\framework\\src\\Illuminate\\Foundation\\Http\\Middleware\\TransformsRequest.php(21): Illuminate\\Pipeline\\Pipeline->Illuminate\\Pipeline\\{closure}(Object(Illuminate\\Http\\Request))
#19 C:\\AUTRES\\ALL WORKSPACE\\CODE~UNIVERSE\\VSC WORKSPACE\\PROJECTS\\GESCOM\\WEBSITE\\GESCOM_LARAVEL_FireBaseXDrive\\vendor\\laravel\\framework\\src\\Illuminate\\Foundation\\Http\\Middleware\\TrimStrings.php(51): Illuminate\\Foundation\\Http\\Middleware\\TransformsRequest->handle(Object(Illuminate\\Http\\Request), Object(Closure))
#20 C:\\AUTRES\\ALL WORKSPACE\\CODE~UNIVERSE\\VSC WORKSPACE\\PROJECTS\\GESCOM\\WEBSITE\\GESCOM_LARAVEL_FireBaseXDrive\\vendor\\laravel\\framework\\src\\Illuminate\\Pipeline\\Pipeline.php(219): Illuminate\\Foundation\\Http\\Middleware\\TrimStrings->handle(Object(Illuminate\\Http\\Request), Object(Closure))
#21 C:\\AUTRES\\ALL WORKSPACE\\CODE~UNIVERSE\\VSC WORKSPACE\\PROJECTS\\GESCOM\\WEBSITE\\GESCOM_LARAVEL_FireBaseXDrive\\vendor\\laravel\\framework\\src\\Illuminate\\Http\\Middleware\\ValidatePostSize.php(27): Illuminate\\Pipeline\\Pipeline->Illuminate\\Pipeline\\{closure}(Object(Illuminate\\Http\\Request))
#22 C:\\AUTRES\\ALL WORKSPACE\\CODE~UNIVERSE\\VSC WORKSPACE\\PROJECTS\\GESCOM\\WEBSITE\\GESCOM_LARAVEL_FireBaseXDrive\\vendor\\laravel\\framework\\src\\Illuminate\\Pipeline\\Pipeline.php(219): Illuminate\\Http\\Middleware\\ValidatePostSize->handle(Object(Illuminate\\Http\\Request), Object(Closure))
#23 C:\\AUTRES\\ALL WORKSPACE\\CODE~UNIVERSE\\VSC WORKSPACE\\PROJECTS\\GESCOM\\WEBSITE\\GESCOM_LARAVEL_FireBaseXDrive\\vendor\\laravel\\framework\\src\\Illuminate\\Foundation\\Http\\Middleware\\PreventRequestsDuringMaintenance.php(109): Illuminate\\Pipeline\\Pipeline->Illuminate\\Pipeline\\{closure}(Object(Illuminate\\Http\\Request))
#24 C:\\AUTRES\\ALL WORKSPACE\\CODE~UNIVERSE\\VSC WORKSPACE\\PROJECTS\\GESCOM\\WEBSITE\\GESCOM_LARAVEL_FireBaseXDrive\\vendor\\laravel\\framework\\src\\Illuminate\\Pipeline\\Pipeline.php(219): Illuminate\\Foundation\\Http\\Middleware\\PreventRequestsDuringMaintenance->handle(Object(Illuminate\\Http\\Request), Object(Closure))
#25 C:\\AUTRES\\ALL WORKSPACE\\CODE~UNIVERSE\\VSC WORKSPACE\\PROJECTS\\GESCOM\\WEBSITE\\GESCOM_LARAVEL_FireBaseXDrive\\vendor\\laravel\\framework\\src\\Illuminate\\Http\\Middleware\\HandleCors.php(61): Illuminate\\Pipeline\\Pipeline->Illuminate\\Pipeline\\{closure}(Object(Illuminate\\Http\\Request))
#26 C:\\AUTRES\\ALL WORKSPACE\\CODE~UNIVERSE\\VSC WORKSPACE\\PROJECTS\\GESCOM\\WEBSITE\\GESCOM_LARAVEL_FireBaseXDrive\\vendor\\laravel\\framework\\src\\Illuminate\\Pipeline\\Pipeline.php(219): Illuminate\\Http\\Middleware\\HandleCors->handle(Object(Illuminate\\Http\\Request), Object(Closure))
#27 C:\\AUTRES\\ALL WORKSPACE\\CODE~UNIVERSE\\VSC WORKSPACE\\PROJECTS\\GESCOM\\WEBSITE\\GESCOM_LARAVEL_FireBaseXDrive\\vendor\\laravel\\framework\\src\\Illuminate\\Http\\Middleware\\TrustProxies.php(58): Illuminate\\Pipeline\\Pipeline->Illuminate\\Pipeline\\{closure}(Object(Illuminate\\Http\\Request))
#28 C:\\AUTRES\\ALL WORKSPACE\\CODE~UNIVERSE\\VSC WORKSPACE\\PROJECTS\\GESCOM\\WEBSITE\\GESCOM_LARAVEL_FireBaseXDrive\\vendor\\laravel\\framework\\src\\Illuminate\\Pipeline\\Pipeline.php(219): Illuminate\\Http\\Middleware\\TrustProxies->handle(Object(Illuminate\\Http\\Request), Object(Closure))
#29 C:\\AUTRES\\ALL WORKSPACE\\CODE~UNIVERSE\\VSC WORKSPACE\\PROJECTS\\GESCOM\\WEBSITE\\GESCOM_LARAVEL_FireBaseXDrive\\vendor\\laravel\\framework\\src\\Illuminate\\Foundation\\Http\\Middleware\\InvokeDeferredCallbacks.php(22): Illuminate\\Pipeline\\Pipeline->Illuminate\\Pipeline\\{closure}(Object(Illuminate\\Http\\Request))
#30 C:\\AUTRES\\ALL WORKSPACE\\CODE~UNIVERSE\\VSC WORKSPACE\\PROJECTS\\GESCOM\\WEBSITE\\GESCOM_LARAVEL_FireBaseXDrive\\vendor\\laravel\\framework\\src\\Illuminate\\Pipeline\\Pipeline.php(219): Illuminate\\Foundation\\Http\\Middleware\\InvokeDeferredCallbacks->handle(Object(Illuminate\\Http\\Request), Object(Closure))
#31 C:\\AUTRES\\ALL WORKSPACE\\CODE~UNIVERSE\\VSC WORKSPACE\\PROJECTS\\GESCOM\\WEBSITE\\GESCOM_LARAVEL_FireBaseXDrive\\vendor\\laravel\\framework\\src\\Illuminate\\Http\\Middleware\\ValidatePathEncoding.php(26): Illuminate\\Pipeline\\Pipeline->Illuminate\\Pipeline\\{closure}(Object(Illuminate\\Http\\Request))
#32 C:\\AUTRES\\ALL WORKSPACE\\CODE~UNIVERSE\\VSC WORKSPACE\\PROJECTS\\GESCOM\\WEBSITE\\GESCOM_LARAVEL_FireBaseXDrive\\vendor\\laravel\\framework\\src\\Illuminate\\Pipeline\\Pipeline.php(219): Illuminate\\Http\\Middleware\\ValidatePathEncoding->handle(Object(Illuminate\\Http\\Request), Object(Closure))
#33 C:\\AUTRES\\ALL WORKSPACE\\CODE~UNIVERSE\\VSC WORKSPACE\\PROJECTS\\GESCOM\\WEBSITE\\GESCOM_LARAVEL_FireBaseXDrive\\vendor\\laravel\\framework\\src\\Illuminate\\Pipeline\\Pipeline.php(137): Illuminate\\Pipeline\\Pipeline->Illuminate\\Pipeline\\{closure}(Object(Illuminate\\Http\\Request))
#34 C:\\AUTRES\\ALL WORKSPACE\\CODE~UNIVERSE\\VSC WORKSPACE\\PROJECTS\\GESCOM\\WEBSITE\\GESCOM_LARAVEL_FireBaseXDrive\\vendor\\laravel\\framework\\src\\Illuminate\\Foundation\\Http\\Kernel.php(175): Illuminate\\Pipeline\\Pipeline->then(Object(Closure))
#35 C:\\AUTRES\\ALL WORKSPACE\\CODE~UNIVERSE\\VSC WORKSPACE\\PROJECTS\\GESCOM\\WEBSITE\\GESCOM_LARAVEL_FireBaseXDrive\\vendor\\laravel\\framework\\src\\Illuminate\\Foundation\\Http\\Kernel.php(144): Illuminate\\Foundation\\Http\\Kernel->sendRequestThroughRouter(Object(Illuminate\\Http\\Request))
#36 C:\\AUTRES\\ALL WORKSPACE\\CODE~UNIVERSE\\VSC WORKSPACE\\PROJECTS\\GESCOM\\WEBSITE\\GESCOM_LARAVEL_FireBaseXDrive\\vendor\\laravel\\framework\\src\\Illuminate\\Foundation\\Application.php(1220): Illuminate\\Foundation\\Http\\Kernel->handle(Object(Illuminate\\Http\\Request))
#37 C:\\AUTRES\\ALL WORKSPACE\\CODE~UNIVERSE\\VSC WORKSPACE\\PROJECTS\\GESCOM\\WEBSITE\\GESCOM_LARAVEL_FireBaseXDrive\\public\\index.php(20): Illuminate\\Foundation\\Application->handleRequest(Object(Illuminate\\Http\\Request))
#38 C:\\AUTRES\\ALL WORKSPACE\\CODE~UNIVERSE\\VSC WORKSPACE\\PROJECTS\\GESCOM\\WEBSITE\\GESCOM_LARAVEL_FireBaseXDrive\\vendor\\laravel\\framework\\src\\Illuminate\\Foundation\\resources\\server.php(23): require_once('C:\\\\AUTRES\\\\ALL W...')
#39 {main}
"} 
[2025-10-23 01:44:01] local.ERROR: Erreur lors de la suppression du fichier Drive: {
  "error": {
    "code": 404,
    "message": "File not found: 18ERAgPzVgiswwzbL6FI1Pr6SFCIJyCVz.",
    "errors": [
      {
        "message": "File not found: 18ERAgPzVgiswwzbL6FI1Pr6SFCIJyCVz.",
        "domain": "global",
        "reason": "notFound",
        "location": "fileId",
        "locationType": "parameter"
      }
    ]
  }
}
  
[2025-10-23 15:36:12] local.ERROR: Given keyfile path /etc/secrets/firebase_credentials.json does not exist {"exception":"[object] (Google\\Cloud\\Core\\Exception\\GoogleException(code: 0): Given keyfile path /etc/secrets/firebase_credentials.json does not exist at C:\\AUTRES\\ALL WORKSPACE\\CODE~UNIVERSE\\VSC WORKSPACE\\PROJECTS\\GESCOM\\WEBSITE\\GESCOM_LARAVEL_FireBaseXDrive\\vendor\\google\\cloud-core\\src\\ClientTrait.php:130)
[stacktrace]
#0 C:\\AUTRES\\ALL WORKSPACE\\CODE~UNIVERSE\\VSC WORKSPACE\\PROJECTS\\GESCOM\\WEBSITE\\GESCOM_LARAVEL_FireBaseXDrive\\vendor\\google\\cloud-core\\src\\ClientTrait.php(96): Google\\Cloud\\Firestore\\FirestoreClient->getKeyFile(Array)
#1 C:\\AUTRES\\ALL WORKSPACE\\CODE~UNIVERSE\\VSC WORKSPACE\\PROJECTS\\GESCOM\\WEBSITE\\GESCOM_LARAVEL_FireBaseXDrive\\vendor\\google\\cloud-firestore\\src\\FirestoreClient.php(155): Google\\Cloud\\Firestore\\FirestoreClient->configureAuthentication(Array)
#2 C:\\AUTRES\\ALL WORKSPACE\\CODE~UNIVERSE\\VSC WORKSPACE\\PROJECTS\\GESCOM\\WEBSITE\\GESCOM_LARAVEL_FireBaseXDrive\\app\\Services\\Firebase\\FirestoreService.php(18): Google\\Cloud\\Firestore\\FirestoreClient->__construct(Array)
#3 [internal function]: App\\Services\\Firebase\\FirestoreService->__construct()
#4 C:\\AUTRES\\ALL WORKSPACE\\CODE~UNIVERSE\\VSC WORKSPACE\\PROJECTS\\GESCOM\\WEBSITE\\GESCOM_LARAVEL_FireBaseXDrive\\vendor\\laravel\\framework\\src\\Illuminate\\Container\\Container.php(1211): ReflectionClass->newInstanceArgs(Array)
#5 C:\\AUTRES\\ALL WORKSPACE\\CODE~UNIVERSE\\VSC WORKSPACE\\PROJECTS\\GESCOM\\WEBSITE\\GESCOM_LARAVEL_FireBaseXDrive\\vendor\\laravel\\framework\\src\\Illuminate\\Container\\Container.php(972): Illuminate\\Container\\Container->build('App\\\\Services\\\\Fi...')
#6 C:\\AUTRES\\ALL WORKSPACE\\CODE~UNIVERSE\\VSC WORKSPACE\\PROJECTS\\GESCOM\\WEBSITE\\GESCOM_LARAVEL_FireBaseXDrive\\vendor\\laravel\\framework\\src\\Illuminate\\Foundation\\Application.php(1078): Illuminate\\Container\\Container->resolve('App\\\\Services\\\\Fi...', Array, true)
#7 C:\\AUTRES\\ALL WORKSPACE\\CODE~UNIVERSE\\VSC WORKSPACE\\PROJECTS\\GESCOM\\WEBSITE\\GESCOM_LARAVEL_FireBaseXDrive\\vendor\\laravel\\framework\\src\\Illuminate\\Container\\Container.php(903): Illuminate\\Foundation\\Application->resolve('App\\\\Services\\\\Fi...', Array)
#8 C:\\AUTRES\\ALL WORKSPACE\\CODE~UNIVERSE\\VSC WORKSPACE\\PROJECTS\\GESCOM\\WEBSITE\\GESCOM_LARAVEL_FireBaseXDrive\\vendor\\laravel\\framework\\src\\Illuminate\\Foundation\\Application.php(1058): Illuminate\\Container\\Container->make('App\\\\Services\\\\Fi...', Array)
#9 C:\\AUTRES\\ALL WORKSPACE\\CODE~UNIVERSE\\VSC WORKSPACE\\PROJECTS\\GESCOM\\WEBSITE\\GESCOM_LARAVEL_FireBaseXDrive\\vendor\\laravel\\framework\\src\\Illuminate\\Container\\Container.php(1379): Illuminate\\Foundation\\Application->make('App\\\\Services\\\\Fi...')
#10 C:\\AUTRES\\ALL WORKSPACE\\CODE~UNIVERSE\\VSC WORKSPACE\\PROJECTS\\GESCOM\\WEBSITE\\GESCOM_LARAVEL_FireBaseXDrive\\vendor\\laravel\\framework\\src\\Illuminate\\Container\\Container.php(1278): Illuminate\\Container\\Container->resolveClass(Object(ReflectionParameter))
#11 C:\\AUTRES\\ALL WORKSPACE\\CODE~UNIVERSE\\VSC WORKSPACE\\PROJECTS\\GESCOM\\WEBSITE\\GESCOM_LARAVEL_FireBaseXDrive\\vendor\\laravel\\framework\\src\\Illuminate\\Container\\Container.php(1201): Illuminate\\Container\\Container->resolveDependencies(Array)
#12 C:\\AUTRES\\ALL WORKSPACE\\CODE~UNIVERSE\\VSC WORKSPACE\\PROJECTS\\GESCOM\\WEBSITE\\GESCOM_LARAVEL_FireBaseXDrive\\vendor\\laravel\\framework\\src\\Illuminate\\Container\\Container.php(972): Illuminate\\Container\\Container->build('App\\\\Console\\\\Com...')
#13 C:\\AUTRES\\ALL WORKSPACE\\CODE~UNIVERSE\\VSC WORKSPACE\\PROJECTS\\GESCOM\\WEBSITE\\GESCOM_LARAVEL_FireBaseXDrive\\vendor\\laravel\\framework\\src\\Illuminate\\Foundation\\Application.php(1078): Illuminate\\Container\\Container->resolve('App\\\\Console\\\\Com...', Array, true)
#14 C:\\AUTRES\\ALL WORKSPACE\\CODE~UNIVERSE\\VSC WORKSPACE\\PROJECTS\\GESCOM\\WEBSITE\\GESCOM_LARAVEL_FireBaseXDrive\\vendor\\laravel\\framework\\src\\Illuminate\\Container\\Container.php(903): Illuminate\\Foundation\\Application->resolve('App\\\\Console\\\\Com...', Array)
#15 C:\\AUTRES\\ALL WORKSPACE\\CODE~UNIVERSE\\VSC WORKSPACE\\PROJECTS\\GESCOM\\WEBSITE\\GESCOM_LARAVEL_FireBaseXDrive\\vendor\\laravel\\framework\\src\\Illuminate\\Foundation\\Application.php(1058): Illuminate\\Container\\Container->make('App\\\\Console\\\\Com...', Array)
#16 C:\\AUTRES\\ALL WORKSPACE\\CODE~UNIVERSE\\VSC WORKSPACE\\PROJECTS\\GESCOM\\WEBSITE\\GESCOM_LARAVEL_FireBaseXDrive\\vendor\\laravel\\framework\\src\\Illuminate\\Console\\Application.php(279): Illuminate\\Foundation\\Application->make('App\\\\Console\\\\Com...')
#17 C:\\AUTRES\\ALL WORKSPACE\\CODE~UNIVERSE\\VSC WORKSPACE\\PROJECTS\\GESCOM\\WEBSITE\\GESCOM_LARAVEL_FireBaseXDrive\\vendor\\laravel\\framework\\src\\Illuminate\\Foundation\\Console\\Kernel.php(375): Illuminate\\Console\\Application->resolve('App\\\\Console\\\\Com...')
#18 C:\\AUTRES\\ALL WORKSPACE\\CODE~UNIVERSE\\VSC WORKSPACE\\PROJECTS\\GESCOM\\WEBSITE\\GESCOM_LARAVEL_FireBaseXDrive\\vendor\\laravel\\framework\\src\\Illuminate\\Console\\Application.php(133): Illuminate\\Foundation\\Console\\Kernel->Illuminate\\Foundation\\Console\\{closure}(Object(Illuminate\\Console\\Application))
#19 C:\\AUTRES\\ALL WORKSPACE\\CODE~UNIVERSE\\VSC WORKSPACE\\PROJECTS\\GESCOM\\WEBSITE\\GESCOM_LARAVEL_FireBaseXDrive\\vendor\\laravel\\framework\\src\\Illuminate\\Console\\Application.php(80): Illuminate\\Console\\Application->bootstrap()
#20 C:\\AUTRES\\ALL WORKSPACE\\CODE~UNIVERSE\\VSC WORKSPACE\\PROJECTS\\GESCOM\\WEBSITE\\GESCOM_LARAVEL_FireBaseXDrive\\vendor\\laravel\\framework\\src\\Illuminate\\Foundation\\Console\\Kernel.php(539): Illuminate\\Console\\Application->__construct(Object(Illuminate\\Foundation\\Application), Object(Illuminate\\Events\\Dispatcher), '12.35.0')
#21 C:\\AUTRES\\ALL WORKSPACE\\CODE~UNIVERSE\\VSC WORKSPACE\\PROJECTS\\GESCOM\\WEBSITE\\GESCOM_LARAVEL_FireBaseXDrive\\vendor\\laravel\\framework\\src\\Illuminate\\Foundation\\Console\\Kernel.php(197): Illuminate\\Foundation\\Console\\Kernel->getArtisan()
#22 C:\\AUTRES\\ALL WORKSPACE\\CODE~UNIVERSE\\VSC WORKSPACE\\PROJECTS\\GESCOM\\WEBSITE\\GESCOM_LARAVEL_FireBaseXDrive\\vendor\\laravel\\framework\\src\\Illuminate\\Foundation\\Application.php(1235): Illuminate\\Foundation\\Console\\Kernel->handle(Object(Symfony\\Component\\Console\\Input\\ArgvInput), Object(Symfony\\Component\\Console\\Output\\ConsoleOutput))
#23 C:\\AUTRES\\ALL WORKSPACE\\CODE~UNIVERSE\\VSC WORKSPACE\\PROJECTS\\GESCOM\\WEBSITE\\GESCOM_LARAVEL_FireBaseXDrive\\artisan(16): Illuminate\\Foundation\\Application->handleCommand(Object(Symfony\\Component\\Console\\Input\\ArgvInput))
#24 {main}
"} 
[2025-10-23 15:45:15] local.ERROR: Given keyfile path /etc/secrets/firebase_credentials.json does not exist {"exception":"[object] (Google\\Cloud\\Core\\Exception\\GoogleException(code: 0): Given keyfile path /etc/secrets/firebase_credentials.json does not exist at C:\\AUTRES\\ALL WORKSPACE\\CODE~UNIVERSE\\VSC WORKSPACE\\PROJECTS\\GESCOM\\WEBSITE\\GESCOM_LARAVEL_FireBaseXDrive\\vendor\\google\\cloud-core\\src\\ClientTrait.php:130)
[stacktrace]
#0 C:\\AUTRES\\ALL WORKSPACE\\CODE~UNIVERSE\\VSC WORKSPACE\\PROJECTS\\GESCOM\\WEBSITE\\GESCOM_LARAVEL_FireBaseXDrive\\vendor\\google\\cloud-core\\src\\ClientTrait.php(96): Google\\Cloud\\Firestore\\FirestoreClient->getKeyFile(Array)
#1 C:\\AUTRES\\ALL WORKSPACE\\CODE~UNIVERSE\\VSC WORKSPACE\\PROJECTS\\GESCOM\\WEBSITE\\GESCOM_LARAVEL_FireBaseXDrive\\vendor\\google\\cloud-firestore\\src\\FirestoreClient.php(155): Google\\Cloud\\Firestore\\FirestoreClient->configureAuthentication(Array)
#2 C:\\AUTRES\\ALL WORKSPACE\\CODE~UNIVERSE\\VSC WORKSPACE\\PROJECTS\\GESCOM\\WEBSITE\\GESCOM_LARAVEL_FireBaseXDrive\\app\\Services\\Firebase\\FirestoreService.php(18): Google\\Cloud\\Firestore\\FirestoreClient->__construct(Array)
#3 [internal function]: App\\Services\\Firebase\\FirestoreService->__construct()
#4 C:\\AUTRES\\ALL WORKSPACE\\CODE~UNIVERSE\\VSC WORKSPACE\\PROJECTS\\GESCOM\\WEBSITE\\GESCOM_LARAVEL_FireBaseXDrive\\vendor\\laravel\\framework\\src\\Illuminate\\Container\\Container.php(1211): ReflectionClass->newInstanceArgs(Array)
#5 C:\\AUTRES\\ALL WORKSPACE\\CODE~UNIVERSE\\VSC WORKSPACE\\PROJECTS\\GESCOM\\WEBSITE\\GESCOM_LARAVEL_FireBaseXDrive\\vendor\\laravel\\framework\\src\\Illuminate\\Container\\Container.php(972): Illuminate\\Container\\Container->build('App\\\\Services\\\\Fi...')
#6 C:\\AUTRES\\ALL WORKSPACE\\CODE~UNIVERSE\\VSC WORKSPACE\\PROJECTS\\GESCOM\\WEBSITE\\GESCOM_LARAVEL_FireBaseXDrive\\vendor\\laravel\\framework\\src\\Illuminate\\Foundation\\Application.php(1078): Illuminate\\Container\\Container->resolve('App\\\\Services\\\\Fi...', Array, true)
#7 C:\\AUTRES\\ALL WORKSPACE\\CODE~UNIVERSE\\VSC WORKSPACE\\PROJECTS\\GESCOM\\WEBSITE\\GESCOM_LARAVEL_FireBaseXDrive\\vendor\\laravel\\framework\\src\\Illuminate\\Container\\Container.php(903): Illuminate\\Foundation\\Application->resolve('App\\\\Services\\\\Fi...', Array)
#8 C:\\AUTRES\\ALL WORKSPACE\\CODE~UNIVERSE\\VSC WORKSPACE\\PROJECTS\\GESCOM\\WEBSITE\\GESCOM_LARAVEL_FireBaseXDrive\\vendor\\laravel\\framework\\src\\Illuminate\\Foundation\\Application.php(1058): Illuminate\\Container\\Container->make('App\\\\Services\\\\Fi...', Array)
#9 C:\\AUTRES\\ALL WORKSPACE\\CODE~UNIVERSE\\VSC WORKSPACE\\PROJECTS\\GESCOM\\WEBSITE\\GESCOM_LARAVEL_FireBaseXDrive\\vendor\\laravel\\framework\\src\\Illuminate\\Container\\Container.php(1379): Illuminate\\Foundation\\Application->make('App\\\\Services\\\\Fi...')
#10 C:\\AUTRES\\ALL WORKSPACE\\CODE~UNIVERSE\\VSC WORKSPACE\\PROJECTS\\GESCOM\\WEBSITE\\GESCOM_LARAVEL_FireBaseXDrive\\vendor\\laravel\\framework\\src\\Illuminate\\Container\\Container.php(1278): Illuminate\\Container\\Container->resolveClass(Object(ReflectionParameter))
#11 C:\\AUTRES\\ALL WORKSPACE\\CODE~UNIVERSE\\VSC WORKSPACE\\PROJECTS\\GESCOM\\WEBSITE\\GESCOM_LARAVEL_FireBaseXDrive\\vendor\\laravel\\framework\\src\\Illuminate\\Container\\Container.php(1201): Illuminate\\Container\\Container->resolveDependencies(Array)
#12 C:\\AUTRES\\ALL WORKSPACE\\CODE~UNIVERSE\\VSC WORKSPACE\\PROJECTS\\GESCOM\\WEBSITE\\GESCOM_LARAVEL_FireBaseXDrive\\vendor\\laravel\\framework\\src\\Illuminate\\Container\\Container.php(972): Illuminate\\Container\\Container->build('App\\\\Console\\\\Com...')
#13 C:\\AUTRES\\ALL WORKSPACE\\CODE~UNIVERSE\\VSC WORKSPACE\\PROJECTS\\GESCOM\\WEBSITE\\GESCOM_LARAVEL_FireBaseXDrive\\vendor\\laravel\\framework\\src\\Illuminate\\Foundation\\Application.php(1078): Illuminate\\Container\\Container->resolve('App\\\\Console\\\\Com...', Array, true)
#14 C:\\AUTRES\\ALL WORKSPACE\\CODE~UNIVERSE\\VSC WORKSPACE\\PROJECTS\\GESCOM\\WEBSITE\\GESCOM_LARAVEL_FireBaseXDrive\\vendor\\laravel\\framework\\src\\Illuminate\\Container\\Container.php(903): Illuminate\\Foundation\\Application->resolve('App\\\\Console\\\\Com...', Array)
#15 C:\\AUTRES\\ALL WORKSPACE\\CODE~UNIVERSE\\VSC WORKSPACE\\PROJECTS\\GESCOM\\WEBSITE\\GESCOM_LARAVEL_FireBaseXDrive\\vendor\\laravel\\framework\\src\\Illuminate\\Foundation\\Application.php(1058): Illuminate\\Container\\Container->make('App\\\\Console\\\\Com...', Array)
#16 C:\\AUTRES\\ALL WORKSPACE\\CODE~UNIVERSE\\VSC WORKSPACE\\PROJECTS\\GESCOM\\WEBSITE\\GESCOM_LARAVEL_FireBaseXDrive\\vendor\\laravel\\framework\\src\\Illuminate\\Console\\Application.php(279): Illuminate\\Foundation\\Application->make('App\\\\Console\\\\Com...')
#17 C:\\AUTRES\\ALL WORKSPACE\\CODE~UNIVERSE\\VSC WORKSPACE\\PROJECTS\\GESCOM\\WEBSITE\\GESCOM_LARAVEL_FireBaseXDrive\\vendor\\laravel\\framework\\src\\Illuminate\\Foundation\\Console\\Kernel.php(375): Illuminate\\Console\\Application->resolve('App\\\\Console\\\\Com...')
#18 C:\\AUTRES\\ALL WORKSPACE\\CODE~UNIVERSE\\VSC WORKSPACE\\PROJECTS\\GESCOM\\WEBSITE\\GESCOM_LARAVEL_FireBaseXDrive\\vendor\\laravel\\framework\\src\\Illuminate\\Console\\Application.php(133): Illuminate\\Foundation\\Console\\Kernel->Illuminate\\Foundation\\Console\\{closure}(Object(Illuminate\\Console\\Application))
#19 C:\\AUTRES\\ALL WORKSPACE\\CODE~UNIVERSE\\VSC WORKSPACE\\PROJECTS\\GESCOM\\WEBSITE\\GESCOM_LARAVEL_FireBaseXDrive\\vendor\\laravel\\framework\\src\\Illuminate\\Console\\Application.php(80): Illuminate\\Console\\Application->bootstrap()
#20 C:\\AUTRES\\ALL WORKSPACE\\CODE~UNIVERSE\\VSC WORKSPACE\\PROJECTS\\GESCOM\\WEBSITE\\GESCOM_LARAVEL_FireBaseXDrive\\vendor\\laravel\\framework\\src\\Illuminate\\Foundation\\Console\\Kernel.php(539): Illuminate\\Console\\Application->__construct(Object(Illuminate\\Foundation\\Application), Object(Illuminate\\Events\\Dispatcher), '12.35.0')
#21 C:\\AUTRES\\ALL WORKSPACE\\CODE~UNIVERSE\\VSC WORKSPACE\\PROJECTS\\GESCOM\\WEBSITE\\GESCOM_LARAVEL_FireBaseXDrive\\vendor\\laravel\\framework\\src\\Illuminate\\Foundation\\Console\\Kernel.php(197): Illuminate\\Foundation\\Console\\Kernel->getArtisan()
#22 C:\\AUTRES\\ALL WORKSPACE\\CODE~UNIVERSE\\VSC WORKSPACE\\PROJECTS\\GESCOM\\WEBSITE\\GESCOM_LARAVEL_FireBaseXDrive\\vendor\\laravel\\framework\\src\\Illuminate\\Foundation\\Application.php(1235): Illuminate\\Foundation\\Console\\Kernel->handle(Object(Symfony\\Component\\Console\\Input\\ArgvInput), Object(Symfony\\Component\\Console\\Output\\ConsoleOutput))
#23 C:\\AUTRES\\ALL WORKSPACE\\CODE~UNIVERSE\\VSC WORKSPACE\\PROJECTS\\GESCOM\\WEBSITE\\GESCOM_LARAVEL_FireBaseXDrive\\artisan(16): Illuminate\\Foundation\\Application->handleCommand(Object(Symfony\\Component\\Console\\Input\\ArgvInput))
#24 {main}
"} 
[2025-10-23 15:45:35] local.ERROR: Given keyfile path /etc/secrets/firebase_credentials.json does not exist {"exception":"[object] (Google\\Cloud\\Core\\Exception\\GoogleException(code: 0): Given keyfile path /etc/secrets/firebase_credentials.json does not exist at C:\\AUTRES\\ALL WORKSPACE\\CODE~UNIVERSE\\VSC WORKSPACE\\PROJECTS\\GESCOM\\WEBSITE\\GESCOM_LARAVEL_FireBaseXDrive\\vendor\\google\\cloud-core\\src\\ClientTrait.php:130)
[stacktrace]
#0 C:\\AUTRES\\ALL WORKSPACE\\CODE~UNIVERSE\\VSC WORKSPACE\\PROJECTS\\GESCOM\\WEBSITE\\GESCOM_LARAVEL_FireBaseXDrive\\vendor\\google\\cloud-core\\src\\ClientTrait.php(96): Google\\Cloud\\Firestore\\FirestoreClient->getKeyFile(Array)
#1 C:\\AUTRES\\ALL WORKSPACE\\CODE~UNIVERSE\\VSC WORKSPACE\\PROJECTS\\GESCOM\\WEBSITE\\GESCOM_LARAVEL_FireBaseXDrive\\vendor\\google\\cloud-firestore\\src\\FirestoreClient.php(155): Google\\Cloud\\Firestore\\FirestoreClient->configureAuthentication(Array)
#2 C:\\AUTRES\\ALL WORKSPACE\\CODE~UNIVERSE\\VSC WORKSPACE\\PROJECTS\\GESCOM\\WEBSITE\\GESCOM_LARAVEL_FireBaseXDrive\\app\\Services\\Firebase\\FirestoreService.php(18): Google\\Cloud\\Firestore\\FirestoreClient->__construct(Array)
#3 [internal function]: App\\Services\\Firebase\\FirestoreService->__construct()
#4 C:\\AUTRES\\ALL WORKSPACE\\CODE~UNIVERSE\\VSC WORKSPACE\\PROJECTS\\GESCOM\\WEBSITE\\GESCOM_LARAVEL_FireBaseXDrive\\vendor\\laravel\\framework\\src\\Illuminate\\Container\\Container.php(1211): ReflectionClass->newInstanceArgs(Array)
#5 C:\\AUTRES\\ALL WORKSPACE\\CODE~UNIVERSE\\VSC WORKSPACE\\PROJECTS\\GESCOM\\WEBSITE\\GESCOM_LARAVEL_FireBaseXDrive\\vendor\\laravel\\framework\\src\\Illuminate\\Container\\Container.php(972): Illuminate\\Container\\Container->build('App\\\\Services\\\\Fi...')
#6 C:\\AUTRES\\ALL WORKSPACE\\CODE~UNIVERSE\\VSC WORKSPACE\\PROJECTS\\GESCOM\\WEBSITE\\GESCOM_LARAVEL_FireBaseXDrive\\vendor\\laravel\\framework\\src\\Illuminate\\Foundation\\Application.php(1078): Illuminate\\Container\\Container->resolve('App\\\\Services\\\\Fi...', Array, true)
#7 C:\\AUTRES\\ALL WORKSPACE\\CODE~UNIVERSE\\VSC WORKSPACE\\PROJECTS\\GESCOM\\WEBSITE\\GESCOM_LARAVEL_FireBaseXDrive\\vendor\\laravel\\framework\\src\\Illuminate\\Container\\Container.php(903): Illuminate\\Foundation\\Application->resolve('App\\\\Services\\\\Fi...', Array)
#8 C:\\AUTRES\\ALL WORKSPACE\\CODE~UNIVERSE\\VSC WORKSPACE\\PROJECTS\\GESCOM\\WEBSITE\\GESCOM_LARAVEL_FireBaseXDrive\\vendor\\laravel\\framework\\src\\Illuminate\\Foundation\\Application.php(1058): Illuminate\\Container\\Container->make('App\\\\Services\\\\Fi...', Array)
#9 C:\\AUTRES\\ALL WORKSPACE\\CODE~UNIVERSE\\VSC WORKSPACE\\PROJECTS\\GESCOM\\WEBSITE\\GESCOM_LARAVEL_FireBaseXDrive\\vendor\\laravel\\framework\\src\\Illuminate\\Container\\Container.php(1379): Illuminate\\Foundation\\Application->make('App\\\\Services\\\\Fi...')
#10 C:\\AUTRES\\ALL WORKSPACE\\CODE~UNIVERSE\\VSC WORKSPACE\\PROJECTS\\GESCOM\\WEBSITE\\GESCOM_LARAVEL_FireBaseXDrive\\vendor\\laravel\\framework\\src\\Illuminate\\Container\\Container.php(1278): Illuminate\\Container\\Container->resolveClass(Object(ReflectionParameter))
#11 C:\\AUTRES\\ALL WORKSPACE\\CODE~UNIVERSE\\VSC WORKSPACE\\PROJECTS\\GESCOM\\WEBSITE\\GESCOM_LARAVEL_FireBaseXDrive\\vendor\\laravel\\framework\\src\\Illuminate\\Container\\Container.php(1201): Illuminate\\Container\\Container->resolveDependencies(Array)
#12 C:\\AUTRES\\ALL WORKSPACE\\CODE~UNIVERSE\\VSC WORKSPACE\\PROJECTS\\GESCOM\\WEBSITE\\GESCOM_LARAVEL_FireBaseXDrive\\vendor\\laravel\\framework\\src\\Illuminate\\Container\\Container.php(972): Illuminate\\Container\\Container->build('App\\\\Console\\\\Com...')
#13 C:\\AUTRES\\ALL WORKSPACE\\CODE~UNIVERSE\\VSC WORKSPACE\\PROJECTS\\GESCOM\\WEBSITE\\GESCOM_LARAVEL_FireBaseXDrive\\vendor\\laravel\\framework\\src\\Illuminate\\Foundation\\Application.php(1078): Illuminate\\Container\\Container->resolve('App\\\\Console\\\\Com...', Array, true)
#14 C:\\AUTRES\\ALL WORKSPACE\\CODE~UNIVERSE\\VSC WORKSPACE\\PROJECTS\\GESCOM\\WEBSITE\\GESCOM_LARAVEL_FireBaseXDrive\\vendor\\laravel\\framework\\src\\Illuminate\\Container\\Container.php(903): Illuminate\\Foundation\\Application->resolve('App\\\\Console\\\\Com...', Array)
#15 C:\\AUTRES\\ALL WORKSPACE\\CODE~UNIVERSE\\VSC WORKSPACE\\PROJECTS\\GESCOM\\WEBSITE\\GESCOM_LARAVEL_FireBaseXDrive\\vendor\\laravel\\framework\\src\\Illuminate\\Foundation\\Application.php(1058): Illuminate\\Container\\Container->make('App\\\\Console\\\\Com...', Array)
#16 C:\\AUTRES\\ALL WORKSPACE\\CODE~UNIVERSE\\VSC WORKSPACE\\PROJECTS\\GESCOM\\WEBSITE\\GESCOM_LARAVEL_FireBaseXDrive\\vendor\\laravel\\framework\\src\\Illuminate\\Console\\Application.php(279): Illuminate\\Foundation\\Application->make('App\\\\Console\\\\Com...')
#17 C:\\AUTRES\\ALL WORKSPACE\\CODE~UNIVERSE\\VSC WORKSPACE\\PROJECTS\\GESCOM\\WEBSITE\\GESCOM_LARAVEL_FireBaseXDrive\\vendor\\laravel\\framework\\src\\Illuminate\\Foundation\\Console\\Kernel.php(375): Illuminate\\Console\\Application->resolve('App\\\\Console\\\\Com...')
#18 C:\\AUTRES\\ALL WORKSPACE\\CODE~UNIVERSE\\VSC WORKSPACE\\PROJECTS\\GESCOM\\WEBSITE\\GESCOM_LARAVEL_FireBaseXDrive\\vendor\\laravel\\framework\\src\\Illuminate\\Console\\Application.php(133): Illuminate\\Foundation\\Console\\Kernel->Illuminate\\Foundation\\Console\\{closure}(Object(Illuminate\\Console\\Application))
#19 C:\\AUTRES\\ALL WORKSPACE\\CODE~UNIVERSE\\VSC WORKSPACE\\PROJECTS\\GESCOM\\WEBSITE\\GESCOM_LARAVEL_FireBaseXDrive\\vendor\\laravel\\framework\\src\\Illuminate\\Console\\Application.php(80): Illuminate\\Console\\Application->bootstrap()
#20 C:\\AUTRES\\ALL WORKSPACE\\CODE~UNIVERSE\\VSC WORKSPACE\\PROJECTS\\GESCOM\\WEBSITE\\GESCOM_LARAVEL_FireBaseXDrive\\vendor\\laravel\\framework\\src\\Illuminate\\Foundation\\Console\\Kernel.php(539): Illuminate\\Console\\Application->__construct(Object(Illuminate\\Foundation\\Application), Object(Illuminate\\Events\\Dispatcher), '12.35.0')
#21 C:\\AUTRES\\ALL WORKSPACE\\CODE~UNIVERSE\\VSC WORKSPACE\\PROJECTS\\GESCOM\\WEBSITE\\GESCOM_LARAVEL_FireBaseXDrive\\vendor\\laravel\\framework\\src\\Illuminate\\Foundation\\Console\\Kernel.php(197): Illuminate\\Foundation\\Console\\Kernel->getArtisan()
#22 C:\\AUTRES\\ALL WORKSPACE\\CODE~UNIVERSE\\VSC WORKSPACE\\PROJECTS\\GESCOM\\WEBSITE\\GESCOM_LARAVEL_FireBaseXDrive\\vendor\\laravel\\framework\\src\\Illuminate\\Foundation\\Application.php(1235): Illuminate\\Foundation\\Console\\Kernel->handle(Object(Symfony\\Component\\Console\\Input\\ArgvInput), Object(Symfony\\Component\\Console\\Output\\ConsoleOutput))
#23 C:\\AUTRES\\ALL WORKSPACE\\CODE~UNIVERSE\\VSC WORKSPACE\\PROJECTS\\GESCOM\\WEBSITE\\GESCOM_LARAVEL_FireBaseXDrive\\artisan(16): Illuminate\\Foundation\\Application->handleCommand(Object(Symfony\\Component\\Console\\Input\\ArgvInput))
#24 {main}
"} 
[2025-10-23 15:47:16] local.ERROR: Given keyfile path C:/secure/firebase_credentials.json does not exist {"exception":"[object] (Google\\Cloud\\Core\\Exception\\GoogleException(code: 0): Given keyfile path C:/secure/firebase_credentials.json does not exist at C:\\AUTRES\\ALL WORKSPACE\\CODE~UNIVERSE\\VSC WORKSPACE\\PROJECTS\\GESCOM\\WEBSITE\\GESCOM_LARAVEL_FireBaseXDrive\\vendor\\google\\cloud-core\\src\\ClientTrait.php:130)
[stacktrace]
#0 C:\\AUTRES\\ALL WORKSPACE\\CODE~UNIVERSE\\VSC WORKSPACE\\PROJECTS\\GESCOM\\WEBSITE\\GESCOM_LARAVEL_FireBaseXDrive\\vendor\\google\\cloud-core\\src\\ClientTrait.php(96): Google\\Cloud\\Firestore\\FirestoreClient->getKeyFile(Array)
#1 C:\\AUTRES\\ALL WORKSPACE\\CODE~UNIVERSE\\VSC WORKSPACE\\PROJECTS\\GESCOM\\WEBSITE\\GESCOM_LARAVEL_FireBaseXDrive\\vendor\\google\\cloud-firestore\\src\\FirestoreClient.php(155): Google\\Cloud\\Firestore\\FirestoreClient->configureAuthentication(Array)
#2 C:\\AUTRES\\ALL WORKSPACE\\CODE~UNIVERSE\\VSC WORKSPACE\\PROJECTS\\GESCOM\\WEBSITE\\GESCOM_LARAVEL_FireBaseXDrive\\app\\Services\\Firebase\\FirestoreService.php(18): Google\\Cloud\\Firestore\\FirestoreClient->__construct(Array)
#3 [internal function]: App\\Services\\Firebase\\FirestoreService->__construct()
#4 C:\\AUTRES\\ALL WORKSPACE\\CODE~UNIVERSE\\VSC WORKSPACE\\PROJECTS\\GESCOM\\WEBSITE\\GESCOM_LARAVEL_FireBaseXDrive\\vendor\\laravel\\framework\\src\\Illuminate\\Container\\Container.php(1211): ReflectionClass->newInstanceArgs(Array)
#5 C:\\AUTRES\\ALL WORKSPACE\\CODE~UNIVERSE\\VSC WORKSPACE\\PROJECTS\\GESCOM\\WEBSITE\\GESCOM_LARAVEL_FireBaseXDrive\\vendor\\laravel\\framework\\src\\Illuminate\\Container\\Container.php(972): Illuminate\\Container\\Container->build('App\\\\Services\\\\Fi...')
#6 C:\\AUTRES\\ALL WORKSPACE\\CODE~UNIVERSE\\VSC WORKSPACE\\PROJECTS\\GESCOM\\WEBSITE\\GESCOM_LARAVEL_FireBaseXDrive\\vendor\\laravel\\framework\\src\\Illuminate\\Foundation\\Application.php(1078): Illuminate\\Container\\Container->resolve('App\\\\Services\\\\Fi...', Array, true)
#7 C:\\AUTRES\\ALL WORKSPACE\\CODE~UNIVERSE\\VSC WORKSPACE\\PROJECTS\\GESCOM\\WEBSITE\\GESCOM_LARAVEL_FireBaseXDrive\\vendor\\laravel\\framework\\src\\Illuminate\\Container\\Container.php(903): Illuminate\\Foundation\\Application->resolve('App\\\\Services\\\\Fi...', Array)
#8 C:\\AUTRES\\ALL WORKSPACE\\CODE~UNIVERSE\\VSC WORKSPACE\\PROJECTS\\GESCOM\\WEBSITE\\GESCOM_LARAVEL_FireBaseXDrive\\vendor\\laravel\\framework\\src\\Illuminate\\Foundation\\Application.php(1058): Illuminate\\Container\\Container->make('App\\\\Services\\\\Fi...', Array)
#9 C:\\AUTRES\\ALL WORKSPACE\\CODE~UNIVERSE\\VSC WORKSPACE\\PROJECTS\\GESCOM\\WEBSITE\\GESCOM_LARAVEL_FireBaseXDrive\\vendor\\laravel\\framework\\src\\Illuminate\\Container\\Container.php(1379): Illuminate\\Foundation\\Application->make('App\\\\Services\\\\Fi...')
#10 C:\\AUTRES\\ALL WORKSPACE\\CODE~UNIVERSE\\VSC WORKSPACE\\PROJECTS\\GESCOM\\WEBSITE\\GESCOM_LARAVEL_FireBaseXDrive\\vendor\\laravel\\framework\\src\\Illuminate\\Container\\Container.php(1278): Illuminate\\Container\\Container->resolveClass(Object(ReflectionParameter))
#11 C:\\AUTRES\\ALL WORKSPACE\\CODE~UNIVERSE\\VSC WORKSPACE\\PROJECTS\\GESCOM\\WEBSITE\\GESCOM_LARAVEL_FireBaseXDrive\\vendor\\laravel\\framework\\src\\Illuminate\\Container\\Container.php(1201): Illuminate\\Container\\Container->resolveDependencies(Array)
#12 C:\\AUTRES\\ALL WORKSPACE\\CODE~UNIVERSE\\VSC WORKSPACE\\PROJECTS\\GESCOM\\WEBSITE\\GESCOM_LARAVEL_FireBaseXDrive\\vendor\\laravel\\framework\\src\\Illuminate\\Container\\Container.php(972): Illuminate\\Container\\Container->build('App\\\\Console\\\\Com...')
#13 C:\\AUTRES\\ALL WORKSPACE\\CODE~UNIVERSE\\VSC WORKSPACE\\PROJECTS\\GESCOM\\WEBSITE\\GESCOM_LARAVEL_FireBaseXDrive\\vendor\\laravel\\framework\\src\\Illuminate\\Foundation\\Application.php(1078): Illuminate\\Container\\Container->resolve('App\\\\Console\\\\Com...', Array, true)
#14 C:\\AUTRES\\ALL WORKSPACE\\CODE~UNIVERSE\\VSC WORKSPACE\\PROJECTS\\GESCOM\\WEBSITE\\GESCOM_LARAVEL_FireBaseXDrive\\vendor\\laravel\\framework\\src\\Illuminate\\Container\\Container.php(903): Illuminate\\Foundation\\Application->resolve('App\\\\Console\\\\Com...', Array)
#15 C:\\AUTRES\\ALL WORKSPACE\\CODE~UNIVERSE\\VSC WORKSPACE\\PROJECTS\\GESCOM\\WEBSITE\\GESCOM_LARAVEL_FireBaseXDrive\\vendor\\laravel\\framework\\src\\Illuminate\\Foundation\\Application.php(1058): Illuminate\\Container\\Container->make('App\\\\Console\\\\Com...', Array)
#16 C:\\AUTRES\\ALL WORKSPACE\\CODE~UNIVERSE\\VSC WORKSPACE\\PROJECTS\\GESCOM\\WEBSITE\\GESCOM_LARAVEL_FireBaseXDrive\\vendor\\laravel\\framework\\src\\Illuminate\\Console\\Application.php(279): Illuminate\\Foundation\\Application->make('App\\\\Console\\\\Com...')
#17 C:\\AUTRES\\ALL WORKSPACE\\CODE~UNIVERSE\\VSC WORKSPACE\\PROJECTS\\GESCOM\\WEBSITE\\GESCOM_LARAVEL_FireBaseXDrive\\vendor\\laravel\\framework\\src\\Illuminate\\Foundation\\Console\\Kernel.php(375): Illuminate\\Console\\Application->resolve('App\\\\Console\\\\Com...')
#18 C:\\AUTRES\\ALL WORKSPACE\\CODE~UNIVERSE\\VSC WORKSPACE\\PROJECTS\\GESCOM\\WEBSITE\\GESCOM_LARAVEL_FireBaseXDrive\\vendor\\laravel\\framework\\src\\Illuminate\\Console\\Application.php(133): Illuminate\\Foundation\\Console\\Kernel->Illuminate\\Foundation\\Console\\{closure}(Object(Illuminate\\Console\\Application))
#19 C:\\AUTRES\\ALL WORKSPACE\\CODE~UNIVERSE\\VSC WORKSPACE\\PROJECTS\\GESCOM\\WEBSITE\\GESCOM_LARAVEL_FireBaseXDrive\\vendor\\laravel\\framework\\src\\Illuminate\\Console\\Application.php(80): Illuminate\\Console\\Application->bootstrap()
#20 C:\\AUTRES\\ALL WORKSPACE\\CODE~UNIVERSE\\VSC WORKSPACE\\PROJECTS\\GESCOM\\WEBSITE\\GESCOM_LARAVEL_FireBaseXDrive\\vendor\\laravel\\framework\\src\\Illuminate\\Foundation\\Console\\Kernel.php(539): Illuminate\\Console\\Application->__construct(Object(Illuminate\\Foundation\\Application), Object(Illuminate\\Events\\Dispatcher), '12.35.0')
#21 C:\\AUTRES\\ALL WORKSPACE\\CODE~UNIVERSE\\VSC WORKSPACE\\PROJECTS\\GESCOM\\WEBSITE\\GESCOM_LARAVEL_FireBaseXDrive\\vendor\\laravel\\framework\\src\\Illuminate\\Foundation\\Console\\Kernel.php(197): Illuminate\\Foundation\\Console\\Kernel->getArtisan()
#22 C:\\AUTRES\\ALL WORKSPACE\\CODE~UNIVERSE\\VSC WORKSPACE\\PROJECTS\\GESCOM\\WEBSITE\\GESCOM_LARAVEL_FireBaseXDrive\\vendor\\laravel\\framework\\src\\Illuminate\\Foundation\\Application.php(1235): Illuminate\\Foundation\\Console\\Kernel->handle(Object(Symfony\\Component\\Console\\Input\\ArgvInput), Object(Symfony\\Component\\Console\\Output\\ConsoleOutput))
#23 C:\\AUTRES\\ALL WORKSPACE\\CODE~UNIVERSE\\VSC WORKSPACE\\PROJECTS\\GESCOM\\WEBSITE\\GESCOM_LARAVEL_FireBaseXDrive\\artisan(16): Illuminate\\Foundation\\Application->handleCommand(Object(Symfony\\Component\\Console\\Input\\ArgvInput))
#24 {main}
"} 
[2025-10-23 15:47:36] local.ERROR: Given keyfile path C:\secure\firebase_credentials.json does not exist {"exception":"[object] (Google\\Cloud\\Core\\Exception\\GoogleException(code: 0): Given keyfile path C:\\secure\\firebase_credentials.json does not exist at C:\\AUTRES\\ALL WORKSPACE\\CODE~UNIVERSE\\VSC WORKSPACE\\PROJECTS\\GESCOM\\WEBSITE\\GESCOM_LARAVEL_FireBaseXDrive\\vendor\\google\\cloud-core\\src\\ClientTrait.php:130)
[stacktrace]
#0 C:\\AUTRES\\ALL WORKSPACE\\CODE~UNIVERSE\\VSC WORKSPACE\\PROJECTS\\GESCOM\\WEBSITE\\GESCOM_LARAVEL_FireBaseXDrive\\vendor\\google\\cloud-core\\src\\ClientTrait.php(96): Google\\Cloud\\Firestore\\FirestoreClient->getKeyFile(Array)
#1 C:\\AUTRES\\ALL WORKSPACE\\CODE~UNIVERSE\\VSC WORKSPACE\\PROJECTS\\GESCOM\\WEBSITE\\GESCOM_LARAVEL_FireBaseXDrive\\vendor\\google\\cloud-firestore\\src\\FirestoreClient.php(155): Google\\Cloud\\Firestore\\FirestoreClient->configureAuthentication(Array)
#2 C:\\AUTRES\\ALL WORKSPACE\\CODE~UNIVERSE\\VSC WORKSPACE\\PROJECTS\\GESCOM\\WEBSITE\\GESCOM_LARAVEL_FireBaseXDrive\\app\\Services\\Firebase\\FirestoreService.php(18): Google\\Cloud\\Firestore\\FirestoreClient->__construct(Array)
#3 [internal function]: App\\Services\\Firebase\\FirestoreService->__construct()
#4 C:\\AUTRES\\ALL WORKSPACE\\CODE~UNIVERSE\\VSC WORKSPACE\\PROJECTS\\GESCOM\\WEBSITE\\GESCOM_LARAVEL_FireBaseXDrive\\vendor\\laravel\\framework\\src\\Illuminate\\Container\\Container.php(1211): ReflectionClass->newInstanceArgs(Array)
#5 C:\\AUTRES\\ALL WORKSPACE\\CODE~UNIVERSE\\VSC WORKSPACE\\PROJECTS\\GESCOM\\WEBSITE\\GESCOM_LARAVEL_FireBaseXDrive\\vendor\\laravel\\framework\\src\\Illuminate\\Container\\Container.php(972): Illuminate\\Container\\Container->build('App\\\\Services\\\\Fi...')
#6 C:\\AUTRES\\ALL WORKSPACE\\CODE~UNIVERSE\\VSC WORKSPACE\\PROJECTS\\GESCOM\\WEBSITE\\GESCOM_LARAVEL_FireBaseXDrive\\vendor\\laravel\\framework\\src\\Illuminate\\Foundation\\Application.php(1078): Illuminate\\Container\\Container->resolve('App\\\\Services\\\\Fi...', Array, true)
#7 C:\\AUTRES\\ALL WORKSPACE\\CODE~UNIVERSE\\VSC WORKSPACE\\PROJECTS\\GESCOM\\WEBSITE\\GESCOM_LARAVEL_FireBaseXDrive\\vendor\\laravel\\framework\\src\\Illuminate\\Container\\Container.php(903): Illuminate\\Foundation\\Application->resolve('App\\\\Services\\\\Fi...', Array)
#8 C:\\AUTRES\\ALL WORKSPACE\\CODE~UNIVERSE\\VSC WORKSPACE\\PROJECTS\\GESCOM\\WEBSITE\\GESCOM_LARAVEL_FireBaseXDrive\\vendor\\laravel\\framework\\src\\Illuminate\\Foundation\\Application.php(1058): Illuminate\\Container\\Container->make('App\\\\Services\\\\Fi...', Array)
#9 C:\\AUTRES\\ALL WORKSPACE\\CODE~UNIVERSE\\VSC WORKSPACE\\PROJECTS\\GESCOM\\WEBSITE\\GESCOM_LARAVEL_FireBaseXDrive\\vendor\\laravel\\framework\\src\\Illuminate\\Container\\Container.php(1379): Illuminate\\Foundation\\Application->make('App\\\\Services\\\\Fi...')
#10 C:\\AUTRES\\ALL WORKSPACE\\CODE~UNIVERSE\\VSC WORKSPACE\\PROJECTS\\GESCOM\\WEBSITE\\GESCOM_LARAVEL_FireBaseXDrive\\vendor\\laravel\\framework\\src\\Illuminate\\Container\\Container.php(1278): Illuminate\\Container\\Container->resolveClass(Object(ReflectionParameter))
#11 C:\\AUTRES\\ALL WORKSPACE\\CODE~UNIVERSE\\VSC WORKSPACE\\PROJECTS\\GESCOM\\WEBSITE\\GESCOM_LARAVEL_FireBaseXDrive\\vendor\\laravel\\framework\\src\\Illuminate\\Container\\Container.php(1201): Illuminate\\Container\\Container->resolveDependencies(Array)
#12 C:\\AUTRES\\ALL WORKSPACE\\CODE~UNIVERSE\\VSC WORKSPACE\\PROJECTS\\GESCOM\\WEBSITE\\GESCOM_LARAVEL_FireBaseXDrive\\vendor\\laravel\\framework\\src\\Illuminate\\Container\\Container.php(972): Illuminate\\Container\\Container->build('App\\\\Console\\\\Com...')
#13 C:\\AUTRES\\ALL WORKSPACE\\CODE~UNIVERSE\\VSC WORKSPACE\\PROJECTS\\GESCOM\\WEBSITE\\GESCOM_LARAVEL_FireBaseXDrive\\vendor\\laravel\\framework\\src\\Illuminate\\Foundation\\Application.php(1078): Illuminate\\Container\\Container->resolve('App\\\\Console\\\\Com...', Array, true)
#14 C:\\AUTRES\\ALL WORKSPACE\\CODE~UNIVERSE\\VSC WORKSPACE\\PROJECTS\\GESCOM\\WEBSITE\\GESCOM_LARAVEL_FireBaseXDrive\\vendor\\laravel\\framework\\src\\Illuminate\\Container\\Container.php(903): Illuminate\\Foundation\\Application->resolve('App\\\\Console\\\\Com...', Array)
#15 C:\\AUTRES\\ALL WORKSPACE\\CODE~UNIVERSE\\VSC WORKSPACE\\PROJECTS\\GESCOM\\WEBSITE\\GESCOM_LARAVEL_FireBaseXDrive\\vendor\\laravel\\framework\\src\\Illuminate\\Foundation\\Application.php(1058): Illuminate\\Container\\Container->make('App\\\\Console\\\\Com...', Array)
#16 C:\\AUTRES\\ALL WORKSPACE\\CODE~UNIVERSE\\VSC WORKSPACE\\PROJECTS\\GESCOM\\WEBSITE\\GESCOM_LARAVEL_FireBaseXDrive\\vendor\\laravel\\framework\\src\\Illuminate\\Console\\Application.php(279): Illuminate\\Foundation\\Application->make('App\\\\Console\\\\Com...')
#17 C:\\AUTRES\\ALL WORKSPACE\\CODE~UNIVERSE\\VSC WORKSPACE\\PROJECTS\\GESCOM\\WEBSITE\\GESCOM_LARAVEL_FireBaseXDrive\\vendor\\laravel\\framework\\src\\Illuminate\\Foundation\\Console\\Kernel.php(375): Illuminate\\Console\\Application->resolve('App\\\\Console\\\\Com...')
#18 C:\\AUTRES\\ALL WORKSPACE\\CODE~UNIVERSE\\VSC WORKSPACE\\PROJECTS\\GESCOM\\WEBSITE\\GESCOM_LARAVEL_FireBaseXDrive\\vendor\\laravel\\framework\\src\\Illuminate\\Console\\Application.php(133): Illuminate\\Foundation\\Console\\Kernel->Illuminate\\Foundation\\Console\\{closure}(Object(Illuminate\\Console\\Application))
#19 C:\\AUTRES\\ALL WORKSPACE\\CODE~UNIVERSE\\VSC WORKSPACE\\PROJECTS\\GESCOM\\WEBSITE\\GESCOM_LARAVEL_FireBaseXDrive\\vendor\\laravel\\framework\\src\\Illuminate\\Console\\Application.php(80): Illuminate\\Console\\Application->bootstrap()
#20 C:\\AUTRES\\ALL WORKSPACE\\CODE~UNIVERSE\\VSC WORKSPACE\\PROJECTS\\GESCOM\\WEBSITE\\GESCOM_LARAVEL_FireBaseXDrive\\vendor\\laravel\\framework\\src\\Illuminate\\Foundation\\Console\\Kernel.php(539): Illuminate\\Console\\Application->__construct(Object(Illuminate\\Foundation\\Application), Object(Illuminate\\Events\\Dispatcher), '12.35.0')
#21 C:\\AUTRES\\ALL WORKSPACE\\CODE~UNIVERSE\\VSC WORKSPACE\\PROJECTS\\GESCOM\\WEBSITE\\GESCOM_LARAVEL_FireBaseXDrive\\vendor\\laravel\\framework\\src\\Illuminate\\Foundation\\Console\\Kernel.php(197): Illuminate\\Foundation\\Console\\Kernel->getArtisan()
#22 C:\\AUTRES\\ALL WORKSPACE\\CODE~UNIVERSE\\VSC WORKSPACE\\PROJECTS\\GESCOM\\WEBSITE\\GESCOM_LARAVEL_FireBaseXDrive\\vendor\\laravel\\framework\\src\\Illuminate\\Foundation\\Application.php(1235): Illuminate\\Foundation\\Console\\Kernel->handle(Object(Symfony\\Component\\Console\\Input\\ArgvInput), Object(Symfony\\Component\\Console\\Output\\ConsoleOutput))
#23 C:\\AUTRES\\ALL WORKSPACE\\CODE~UNIVERSE\\VSC WORKSPACE\\PROJECTS\\GESCOM\\WEBSITE\\GESCOM_LARAVEL_FireBaseXDrive\\artisan(16): Illuminate\\Foundation\\Application->handleCommand(Object(Symfony\\Component\\Console\\Input\\ArgvInput))
#24 {main}
"} 
[2025-10-23 15:49:13] local.ERROR: Given keyfile path C:\secure\firebase_credentials.json does not exist {"exception":"[object] (Google\\Cloud\\Core\\Exception\\GoogleException(code: 0): Given keyfile path C:\\secure\\firebase_credentials.json does not exist at C:\\AUTRES\\ALL WORKSPACE\\CODE~UNIVERSE\\VSC WORKSPACE\\PROJECTS\\GESCOM\\WEBSITE\\GESCOM_LARAVEL_FireBaseXDrive\\vendor\\google\\cloud-core\\src\\ClientTrait.php:130)
[stacktrace]
#0 C:\\AUTRES\\ALL WORKSPACE\\CODE~UNIVERSE\\VSC WORKSPACE\\PROJECTS\\GESCOM\\WEBSITE\\GESCOM_LARAVEL_FireBaseXDrive\\vendor\\google\\cloud-core\\src\\ClientTrait.php(96): Google\\Cloud\\Firestore\\FirestoreClient->getKeyFile(Array)
#1 C:\\AUTRES\\ALL WORKSPACE\\CODE~UNIVERSE\\VSC WORKSPACE\\PROJECTS\\GESCOM\\WEBSITE\\GESCOM_LARAVEL_FireBaseXDrive\\vendor\\google\\cloud-firestore\\src\\FirestoreClient.php(155): Google\\Cloud\\Firestore\\FirestoreClient->configureAuthentication(Array)
#2 C:\\AUTRES\\ALL WORKSPACE\\CODE~UNIVERSE\\VSC WORKSPACE\\PROJECTS\\GESCOM\\WEBSITE\\GESCOM_LARAVEL_FireBaseXDrive\\app\\Services\\Firebase\\FirestoreService.php(18): Google\\Cloud\\Firestore\\FirestoreClient->__construct(Array)
#3 [internal function]: App\\Services\\Firebase\\FirestoreService->__construct()
#4 C:\\AUTRES\\ALL WORKSPACE\\CODE~UNIVERSE\\VSC WORKSPACE\\PROJECTS\\GESCOM\\WEBSITE\\GESCOM_LARAVEL_FireBaseXDrive\\vendor\\laravel\\framework\\src\\Illuminate\\Container\\Container.php(1211): ReflectionClass->newInstanceArgs(Array)
#5 C:\\AUTRES\\ALL WORKSPACE\\CODE~UNIVERSE\\VSC WORKSPACE\\PROJECTS\\GESCOM\\WEBSITE\\GESCOM_LARAVEL_FireBaseXDrive\\vendor\\laravel\\framework\\src\\Illuminate\\Container\\Container.php(972): Illuminate\\Container\\Container->build('App\\\\Services\\\\Fi...')
#6 C:\\AUTRES\\ALL WORKSPACE\\CODE~UNIVERSE\\VSC WORKSPACE\\PROJECTS\\GESCOM\\WEBSITE\\GESCOM_LARAVEL_FireBaseXDrive\\vendor\\laravel\\framework\\src\\Illuminate\\Foundation\\Application.php(1078): Illuminate\\Container\\Container->resolve('App\\\\Services\\\\Fi...', Array, true)
#7 C:\\AUTRES\\ALL WORKSPACE\\CODE~UNIVERSE\\VSC WORKSPACE\\PROJECTS\\GESCOM\\WEBSITE\\GESCOM_LARAVEL_FireBaseXDrive\\vendor\\laravel\\framework\\src\\Illuminate\\Container\\Container.php(903): Illuminate\\Foundation\\Application->resolve('App\\\\Services\\\\Fi...', Array)
#8 C:\\AUTRES\\ALL WORKSPACE\\CODE~UNIVERSE\\VSC WORKSPACE\\PROJECTS\\GESCOM\\WEBSITE\\GESCOM_LARAVEL_FireBaseXDrive\\vendor\\laravel\\framework\\src\\Illuminate\\Foundation\\Application.php(1058): Illuminate\\Container\\Container->make('App\\\\Services\\\\Fi...', Array)
#9 C:\\AUTRES\\ALL WORKSPACE\\CODE~UNIVERSE\\VSC WORKSPACE\\PROJECTS\\GESCOM\\WEBSITE\\GESCOM_LARAVEL_FireBaseXDrive\\vendor\\laravel\\framework\\src\\Illuminate\\Container\\Container.php(1379): Illuminate\\Foundation\\Application->make('App\\\\Services\\\\Fi...')
#10 C:\\AUTRES\\ALL WORKSPACE\\CODE~UNIVERSE\\VSC WORKSPACE\\PROJECTS\\GESCOM\\WEBSITE\\GESCOM_LARAVEL_FireBaseXDrive\\vendor\\laravel\\framework\\src\\Illuminate\\Container\\Container.php(1278): Illuminate\\Container\\Container->resolveClass(Object(ReflectionParameter))
#11 C:\\AUTRES\\ALL WORKSPACE\\CODE~UNIVERSE\\VSC WORKSPACE\\PROJECTS\\GESCOM\\WEBSITE\\GESCOM_LARAVEL_FireBaseXDrive\\vendor\\laravel\\framework\\src\\Illuminate\\Container\\Container.php(1201): Illuminate\\Container\\Container->resolveDependencies(Array)
#12 C:\\AUTRES\\ALL WORKSPACE\\CODE~UNIVERSE\\VSC WORKSPACE\\PROJECTS\\GESCOM\\WEBSITE\\GESCOM_LARAVEL_FireBaseXDrive\\vendor\\laravel\\framework\\src\\Illuminate\\Container\\Container.php(972): Illuminate\\Container\\Container->build('App\\\\Console\\\\Com...')
#13 C:\\AUTRES\\ALL WORKSPACE\\CODE~UNIVERSE\\VSC WORKSPACE\\PROJECTS\\GESCOM\\WEBSITE\\GESCOM_LARAVEL_FireBaseXDrive\\vendor\\laravel\\framework\\src\\Illuminate\\Foundation\\Application.php(1078): Illuminate\\Container\\Container->resolve('App\\\\Console\\\\Com...', Array, true)
#14 C:\\AUTRES\\ALL WORKSPACE\\CODE~UNIVERSE\\VSC WORKSPACE\\PROJECTS\\GESCOM\\WEBSITE\\GESCOM_LARAVEL_FireBaseXDrive\\vendor\\laravel\\framework\\src\\Illuminate\\Container\\Container.php(903): Illuminate\\Foundation\\Application->resolve('App\\\\Console\\\\Com...', Array)
#15 C:\\AUTRES\\ALL WORKSPACE\\CODE~UNIVERSE\\VSC WORKSPACE\\PROJECTS\\GESCOM\\WEBSITE\\GESCOM_LARAVEL_FireBaseXDrive\\vendor\\laravel\\framework\\src\\Illuminate\\Foundation\\Application.php(1058): Illuminate\\Container\\Container->make('App\\\\Console\\\\Com...', Array)
#16 C:\\AUTRES\\ALL WORKSPACE\\CODE~UNIVERSE\\VSC WORKSPACE\\PROJECTS\\GESCOM\\WEBSITE\\GESCOM_LARAVEL_FireBaseXDrive\\vendor\\laravel\\framework\\src\\Illuminate\\Console\\Application.php(279): Illuminate\\Foundation\\Application->make('App\\\\Console\\\\Com...')
#17 C:\\AUTRES\\ALL WORKSPACE\\CODE~UNIVERSE\\VSC WORKSPACE\\PROJECTS\\GESCOM\\WEBSITE\\GESCOM_LARAVEL_FireBaseXDrive\\vendor\\laravel\\framework\\src\\Illuminate\\Foundation\\Console\\Kernel.php(375): Illuminate\\Console\\Application->resolve('App\\\\Console\\\\Com...')
#18 C:\\AUTRES\\ALL WORKSPACE\\CODE~UNIVERSE\\VSC WORKSPACE\\PROJECTS\\GESCOM\\WEBSITE\\GESCOM_LARAVEL_FireBaseXDrive\\vendor\\laravel\\framework\\src\\Illuminate\\Console\\Application.php(133): Illuminate\\Foundation\\Console\\Kernel->Illuminate\\Foundation\\Console\\{closure}(Object(Illuminate\\Console\\Application))
#19 C:\\AUTRES\\ALL WORKSPACE\\CODE~UNIVERSE\\VSC WORKSPACE\\PROJECTS\\GESCOM\\WEBSITE\\GESCOM_LARAVEL_FireBaseXDrive\\vendor\\laravel\\framework\\src\\Illuminate\\Console\\Application.php(80): Illuminate\\Console\\Application->bootstrap()
#20 C:\\AUTRES\\ALL WORKSPACE\\CODE~UNIVERSE\\VSC WORKSPACE\\PROJECTS\\GESCOM\\WEBSITE\\GESCOM_LARAVEL_FireBaseXDrive\\vendor\\laravel\\framework\\src\\Illuminate\\Foundation\\Console\\Kernel.php(539): Illuminate\\Console\\Application->__construct(Object(Illuminate\\Foundation\\Application), Object(Illuminate\\Events\\Dispatcher), '12.35.0')
#21 C:\\AUTRES\\ALL WORKSPACE\\CODE~UNIVERSE\\VSC WORKSPACE\\PROJECTS\\GESCOM\\WEBSITE\\GESCOM_LARAVEL_FireBaseXDrive\\vendor\\laravel\\framework\\src\\Illuminate\\Foundation\\Console\\Kernel.php(197): Illuminate\\Foundation\\Console\\Kernel->getArtisan()
#22 C:\\AUTRES\\ALL WORKSPACE\\CODE~UNIVERSE\\VSC WORKSPACE\\PROJECTS\\GESCOM\\WEBSITE\\GESCOM_LARAVEL_FireBaseXDrive\\vendor\\laravel\\framework\\src\\Illuminate\\Foundation\\Application.php(1235): Illuminate\\Foundation\\Console\\Kernel->handle(Object(Symfony\\Component\\Console\\Input\\ArgvInput), Object(Symfony\\Component\\Console\\Output\\ConsoleOutput))
#23 C:\\AUTRES\\ALL WORKSPACE\\CODE~UNIVERSE\\VSC WORKSPACE\\PROJECTS\\GESCOM\\WEBSITE\\GESCOM_LARAVEL_FireBaseXDrive\\artisan(16): Illuminate\\Foundation\\Application->handleCommand(Object(Symfony\\Component\\Console\\Input\\ArgvInput))
#24 {main}
"} 
[2025-10-23 15:49:48] local.ERROR: Given keyfile path C:\secure\firebase_credentials.json does not exist {"exception":"[object] (Google\\Cloud\\Core\\Exception\\GoogleException(code: 0): Given keyfile path C:\\secure\\firebase_credentials.json does not exist at C:\\AUTRES\\ALL WORKSPACE\\CODE~UNIVERSE\\VSC WORKSPACE\\PROJECTS\\GESCOM\\WEBSITE\\GESCOM_LARAVEL_FireBaseXDrive\\vendor\\google\\cloud-core\\src\\ClientTrait.php:130)
[stacktrace]
#0 C:\\AUTRES\\ALL WORKSPACE\\CODE~UNIVERSE\\VSC WORKSPACE\\PROJECTS\\GESCOM\\WEBSITE\\GESCOM_LARAVEL_FireBaseXDrive\\vendor\\google\\cloud-core\\src\\ClientTrait.php(96): Google\\Cloud\\Firestore\\FirestoreClient->getKeyFile(Array)
#1 C:\\AUTRES\\ALL WORKSPACE\\CODE~UNIVERSE\\VSC WORKSPACE\\PROJECTS\\GESCOM\\WEBSITE\\GESCOM_LARAVEL_FireBaseXDrive\\vendor\\google\\cloud-firestore\\src\\FirestoreClient.php(155): Google\\Cloud\\Firestore\\FirestoreClient->configureAuthentication(Array)
#2 C:\\AUTRES\\ALL WORKSPACE\\CODE~UNIVERSE\\VSC WORKSPACE\\PROJECTS\\GESCOM\\WEBSITE\\GESCOM_LARAVEL_FireBaseXDrive\\app\\Services\\Firebase\\FirestoreService.php(18): Google\\Cloud\\Firestore\\FirestoreClient->__construct(Array)
#3 [internal function]: App\\Services\\Firebase\\FirestoreService->__construct()
#4 C:\\AUTRES\\ALL WORKSPACE\\CODE~UNIVERSE\\VSC WORKSPACE\\PROJECTS\\GESCOM\\WEBSITE\\GESCOM_LARAVEL_FireBaseXDrive\\vendor\\laravel\\framework\\src\\Illuminate\\Container\\Container.php(1211): ReflectionClass->newInstanceArgs(Array)
#5 C:\\AUTRES\\ALL WORKSPACE\\CODE~UNIVERSE\\VSC WORKSPACE\\PROJECTS\\GESCOM\\WEBSITE\\GESCOM_LARAVEL_FireBaseXDrive\\vendor\\laravel\\framework\\src\\Illuminate\\Container\\Container.php(972): Illuminate\\Container\\Container->build('App\\\\Services\\\\Fi...')
#6 C:\\AUTRES\\ALL WORKSPACE\\CODE~UNIVERSE\\VSC WORKSPACE\\PROJECTS\\GESCOM\\WEBSITE\\GESCOM_LARAVEL_FireBaseXDrive\\vendor\\laravel\\framework\\src\\Illuminate\\Foundation\\Application.php(1078): Illuminate\\Container\\Container->resolve('App\\\\Services\\\\Fi...', Array, true)
#7 C:\\AUTRES\\ALL WORKSPACE\\CODE~UNIVERSE\\VSC WORKSPACE\\PROJECTS\\GESCOM\\WEBSITE\\GESCOM_LARAVEL_FireBaseXDrive\\vendor\\laravel\\framework\\src\\Illuminate\\Container\\Container.php(903): Illuminate\\Foundation\\Application->resolve('App\\\\Services\\\\Fi...', Array)
#8 C:\\AUTRES\\ALL WORKSPACE\\CODE~UNIVERSE\\VSC WORKSPACE\\PROJECTS\\GESCOM\\WEBSITE\\GESCOM_LARAVEL_FireBaseXDrive\\vendor\\laravel\\framework\\src\\Illuminate\\Foundation\\Application.php(1058): Illuminate\\Container\\Container->make('App\\\\Services\\\\Fi...', Array)
#9 C:\\AUTRES\\ALL WORKSPACE\\CODE~UNIVERSE\\VSC WORKSPACE\\PROJECTS\\GESCOM\\WEBSITE\\GESCOM_LARAVEL_FireBaseXDrive\\vendor\\laravel\\framework\\src\\Illuminate\\Container\\Container.php(1379): Illuminate\\Foundation\\Application->make('App\\\\Services\\\\Fi...')
#10 C:\\AUTRES\\ALL WORKSPACE\\CODE~UNIVERSE\\VSC WORKSPACE\\PROJECTS\\GESCOM\\WEBSITE\\GESCOM_LARAVEL_FireBaseXDrive\\vendor\\laravel\\framework\\src\\Illuminate\\Container\\Container.php(1278): Illuminate\\Container\\Container->resolveClass(Object(ReflectionParameter))
#11 C:\\AUTRES\\ALL WORKSPACE\\CODE~UNIVERSE\\VSC WORKSPACE\\PROJECTS\\GESCOM\\WEBSITE\\GESCOM_LARAVEL_FireBaseXDrive\\vendor\\laravel\\framework\\src\\Illuminate\\Container\\Container.php(1201): Illuminate\\Container\\Container->resolveDependencies(Array)
#12 C:\\AUTRES\\ALL WORKSPACE\\CODE~UNIVERSE\\VSC WORKSPACE\\PROJECTS\\GESCOM\\WEBSITE\\GESCOM_LARAVEL_FireBaseXDrive\\vendor\\laravel\\framework\\src\\Illuminate\\Container\\Container.php(972): Illuminate\\Container\\Container->build('App\\\\Console\\\\Com...')
#13 C:\\AUTRES\\ALL WORKSPACE\\CODE~UNIVERSE\\VSC WORKSPACE\\PROJECTS\\GESCOM\\WEBSITE\\GESCOM_LARAVEL_FireBaseXDrive\\vendor\\laravel\\framework\\src\\Illuminate\\Foundation\\Application.php(1078): Illuminate\\Container\\Container->resolve('App\\\\Console\\\\Com...', Array, true)
#14 C:\\AUTRES\\ALL WORKSPACE\\CODE~UNIVERSE\\VSC WORKSPACE\\PROJECTS\\GESCOM\\WEBSITE\\GESCOM_LARAVEL_FireBaseXDrive\\vendor\\laravel\\framework\\src\\Illuminate\\Container\\Container.php(903): Illuminate\\Foundation\\Application->resolve('App\\\\Console\\\\Com...', Array)
#15 C:\\AUTRES\\ALL WORKSPACE\\CODE~UNIVERSE\\VSC WORKSPACE\\PROJECTS\\GESCOM\\WEBSITE\\GESCOM_LARAVEL_FireBaseXDrive\\vendor\\laravel\\framework\\src\\Illuminate\\Foundation\\Application.php(1058): Illuminate\\Container\\Container->make('App\\\\Console\\\\Com...', Array)
#16 C:\\AUTRES\\ALL WORKSPACE\\CODE~UNIVERSE\\VSC WORKSPACE\\PROJECTS\\GESCOM\\WEBSITE\\GESCOM_LARAVEL_FireBaseXDrive\\vendor\\laravel\\framework\\src\\Illuminate\\Console\\Application.php(279): Illuminate\\Foundation\\Application->make('App\\\\Console\\\\Com...')
#17 C:\\AUTRES\\ALL WORKSPACE\\CODE~UNIVERSE\\VSC WORKSPACE\\PROJECTS\\GESCOM\\WEBSITE\\GESCOM_LARAVEL_FireBaseXDrive\\vendor\\laravel\\framework\\src\\Illuminate\\Foundation\\Console\\Kernel.php(375): Illuminate\\Console\\Application->resolve('App\\\\Console\\\\Com...')
#18 C:\\AUTRES\\ALL WORKSPACE\\CODE~UNIVERSE\\VSC WORKSPACE\\PROJECTS\\GESCOM\\WEBSITE\\GESCOM_LARAVEL_FireBaseXDrive\\vendor\\laravel\\framework\\src\\Illuminate\\Console\\Application.php(133): Illuminate\\Foundation\\Console\\Kernel->Illuminate\\Foundation\\Console\\{closure}(Object(Illuminate\\Console\\Application))
#19 C:\\AUTRES\\ALL WORKSPACE\\CODE~UNIVERSE\\VSC WORKSPACE\\PROJECTS\\GESCOM\\WEBSITE\\GESCOM_LARAVEL_FireBaseXDrive\\vendor\\laravel\\framework\\src\\Illuminate\\Console\\Application.php(80): Illuminate\\Console\\Application->bootstrap()
#20 C:\\AUTRES\\ALL WORKSPACE\\CODE~UNIVERSE\\VSC WORKSPACE\\PROJECTS\\GESCOM\\WEBSITE\\GESCOM_LARAVEL_FireBaseXDrive\\vendor\\laravel\\framework\\src\\Illuminate\\Foundation\\Console\\Kernel.php(539): Illuminate\\Console\\Application->__construct(Object(Illuminate\\Foundation\\Application), Object(Illuminate\\Events\\Dispatcher), '12.35.0')
#21 C:\\AUTRES\\ALL WORKSPACE\\CODE~UNIVERSE\\VSC WORKSPACE\\PROJECTS\\GESCOM\\WEBSITE\\GESCOM_LARAVEL_FireBaseXDrive\\vendor\\laravel\\framework\\src\\Illuminate\\Foundation\\Console\\Kernel.php(197): Illuminate\\Foundation\\Console\\Kernel->getArtisan()
#22 C:\\AUTRES\\ALL WORKSPACE\\CODE~UNIVERSE\\VSC WORKSPACE\\PROJECTS\\GESCOM\\WEBSITE\\GESCOM_LARAVEL_FireBaseXDrive\\vendor\\laravel\\framework\\src\\Illuminate\\Foundation\\Application.php(1235): Illuminate\\Foundation\\Console\\Kernel->handle(Object(Symfony\\Component\\Console\\Input\\ArgvInput), Object(Symfony\\Component\\Console\\Output\\ConsoleOutput))
#23 C:\\AUTRES\\ALL WORKSPACE\\CODE~UNIVERSE\\VSC WORKSPACE\\PROJECTS\\GESCOM\\WEBSITE\\GESCOM_LARAVEL_FireBaseXDrive\\artisan(16): Illuminate\\Foundation\\Application->handleCommand(Object(Symfony\\Component\\Console\\Input\\ArgvInput))
#24 {main}
"} 
[2025-10-23 15:49:59] local.ERROR: Given keyfile path C:\secure\firebase_credentials.json does not exist {"exception":"[object] (Google\\Cloud\\Core\\Exception\\GoogleException(code: 0): Given keyfile path C:\\secure\\firebase_credentials.json does not exist at C:\\AUTRES\\ALL WORKSPACE\\CODE~UNIVERSE\\VSC WORKSPACE\\PROJECTS\\GESCOM\\WEBSITE\\GESCOM_LARAVEL_FireBaseXDrive\\vendor\\google\\cloud-core\\src\\ClientTrait.php:130)
[stacktrace]
#0 C:\\AUTRES\\ALL WORKSPACE\\CODE~UNIVERSE\\VSC WORKSPACE\\PROJECTS\\GESCOM\\WEBSITE\\GESCOM_LARAVEL_FireBaseXDrive\\vendor\\google\\cloud-core\\src\\ClientTrait.php(96): Google\\Cloud\\Firestore\\FirestoreClient->getKeyFile(Array)
#1 C:\\AUTRES\\ALL WORKSPACE\\CODE~UNIVERSE\\VSC WORKSPACE\\PROJECTS\\GESCOM\\WEBSITE\\GESCOM_LARAVEL_FireBaseXDrive\\vendor\\google\\cloud-firestore\\src\\FirestoreClient.php(155): Google\\Cloud\\Firestore\\FirestoreClient->configureAuthentication(Array)
#2 C:\\AUTRES\\ALL WORKSPACE\\CODE~UNIVERSE\\VSC WORKSPACE\\PROJECTS\\GESCOM\\WEBSITE\\GESCOM_LARAVEL_FireBaseXDrive\\app\\Services\\Firebase\\FirestoreService.php(18): Google\\Cloud\\Firestore\\FirestoreClient->__construct(Array)
#3 [internal function]: App\\Services\\Firebase\\FirestoreService->__construct()
#4 C:\\AUTRES\\ALL WORKSPACE\\CODE~UNIVERSE\\VSC WORKSPACE\\PROJECTS\\GESCOM\\WEBSITE\\GESCOM_LARAVEL_FireBaseXDrive\\vendor\\laravel\\framework\\src\\Illuminate\\Container\\Container.php(1211): ReflectionClass->newInstanceArgs(Array)
#5 C:\\AUTRES\\ALL WORKSPACE\\CODE~UNIVERSE\\VSC WORKSPACE\\PROJECTS\\GESCOM\\WEBSITE\\GESCOM_LARAVEL_FireBaseXDrive\\vendor\\laravel\\framework\\src\\Illuminate\\Container\\Container.php(972): Illuminate\\Container\\Container->build('App\\\\Services\\\\Fi...')
#6 C:\\AUTRES\\ALL WORKSPACE\\CODE~UNIVERSE\\VSC WORKSPACE\\PROJECTS\\GESCOM\\WEBSITE\\GESCOM_LARAVEL_FireBaseXDrive\\vendor\\laravel\\framework\\src\\Illuminate\\Foundation\\Application.php(1078): Illuminate\\Container\\Container->resolve('App\\\\Services\\\\Fi...', Array, true)
#7 C:\\AUTRES\\ALL WORKSPACE\\CODE~UNIVERSE\\VSC WORKSPACE\\PROJECTS\\GESCOM\\WEBSITE\\GESCOM_LARAVEL_FireBaseXDrive\\vendor\\laravel\\framework\\src\\Illuminate\\Container\\Container.php(903): Illuminate\\Foundation\\Application->resolve('App\\\\Services\\\\Fi...', Array)
#8 C:\\AUTRES\\ALL WORKSPACE\\CODE~UNIVERSE\\VSC WORKSPACE\\PROJECTS\\GESCOM\\WEBSITE\\GESCOM_LARAVEL_FireBaseXDrive\\vendor\\laravel\\framework\\src\\Illuminate\\Foundation\\Application.php(1058): Illuminate\\Container\\Container->make('App\\\\Services\\\\Fi...', Array)
#9 C:\\AUTRES\\ALL WORKSPACE\\CODE~UNIVERSE\\VSC WORKSPACE\\PROJECTS\\GESCOM\\WEBSITE\\GESCOM_LARAVEL_FireBaseXDrive\\vendor\\laravel\\framework\\src\\Illuminate\\Container\\Container.php(1379): Illuminate\\Foundation\\Application->make('App\\\\Services\\\\Fi...')
#10 C:\\AUTRES\\ALL WORKSPACE\\CODE~UNIVERSE\\VSC WORKSPACE\\PROJECTS\\GESCOM\\WEBSITE\\GESCOM_LARAVEL_FireBaseXDrive\\vendor\\laravel\\framework\\src\\Illuminate\\Container\\Container.php(1278): Illuminate\\Container\\Container->resolveClass(Object(ReflectionParameter))
#11 C:\\AUTRES\\ALL WORKSPACE\\CODE~UNIVERSE\\VSC WORKSPACE\\PROJECTS\\GESCOM\\WEBSITE\\GESCOM_LARAVEL_FireBaseXDrive\\vendor\\laravel\\framework\\src\\Illuminate\\Container\\Container.php(1201): Illuminate\\Container\\Container->resolveDependencies(Array)
#12 C:\\AUTRES\\ALL WORKSPACE\\CODE~UNIVERSE\\VSC WORKSPACE\\PROJECTS\\GESCOM\\WEBSITE\\GESCOM_LARAVEL_FireBaseXDrive\\vendor\\laravel\\framework\\src\\Illuminate\\Container\\Container.php(972): Illuminate\\Container\\Container->build('App\\\\Console\\\\Com...')
#13 C:\\AUTRES\\ALL WORKSPACE\\CODE~UNIVERSE\\VSC WORKSPACE\\PROJECTS\\GESCOM\\WEBSITE\\GESCOM_LARAVEL_FireBaseXDrive\\vendor\\laravel\\framework\\src\\Illuminate\\Foundation\\Application.php(1078): Illuminate\\Container\\Container->resolve('App\\\\Console\\\\Com...', Array, true)
#14 C:\\AUTRES\\ALL WORKSPACE\\CODE~UNIVERSE\\VSC WORKSPACE\\PROJECTS\\GESCOM\\WEBSITE\\GESCOM_LARAVEL_FireBaseXDrive\\vendor\\laravel\\framework\\src\\Illuminate\\Container\\Container.php(903): Illuminate\\Foundation\\Application->resolve('App\\\\Console\\\\Com...', Array)
#15 C:\\AUTRES\\ALL WORKSPACE\\CODE~UNIVERSE\\VSC WORKSPACE\\PROJECTS\\GESCOM\\WEBSITE\\GESCOM_LARAVEL_FireBaseXDrive\\vendor\\laravel\\framework\\src\\Illuminate\\Foundation\\Application.php(1058): Illuminate\\Container\\Container->make('App\\\\Console\\\\Com...', Array)
#16 C:\\AUTRES\\ALL WORKSPACE\\CODE~UNIVERSE\\VSC WORKSPACE\\PROJECTS\\GESCOM\\WEBSITE\\GESCOM_LARAVEL_FireBaseXDrive\\vendor\\laravel\\framework\\src\\Illuminate\\Console\\Application.php(279): Illuminate\\Foundation\\Application->make('App\\\\Console\\\\Com...')
#17 C:\\AUTRES\\ALL WORKSPACE\\CODE~UNIVERSE\\VSC WORKSPACE\\PROJECTS\\GESCOM\\WEBSITE\\GESCOM_LARAVEL_FireBaseXDrive\\vendor\\laravel\\framework\\src\\Illuminate\\Foundation\\Console\\Kernel.php(375): Illuminate\\Console\\Application->resolve('App\\\\Console\\\\Com...')
#18 C:\\AUTRES\\ALL WORKSPACE\\CODE~UNIVERSE\\VSC WORKSPACE\\PROJECTS\\GESCOM\\WEBSITE\\GESCOM_LARAVEL_FireBaseXDrive\\vendor\\laravel\\framework\\src\\Illuminate\\Console\\Application.php(133): Illuminate\\Foundation\\Console\\Kernel->Illuminate\\Foundation\\Console\\{closure}(Object(Illuminate\\Console\\Application))
#19 C:\\AUTRES\\ALL WORKSPACE\\CODE~UNIVERSE\\VSC WORKSPACE\\PROJECTS\\GESCOM\\WEBSITE\\GESCOM_LARAVEL_FireBaseXDrive\\vendor\\laravel\\framework\\src\\Illuminate\\Console\\Application.php(80): Illuminate\\Console\\Application->bootstrap()
#20 C:\\AUTRES\\ALL WORKSPACE\\CODE~UNIVERSE\\VSC WORKSPACE\\PROJECTS\\GESCOM\\WEBSITE\\GESCOM_LARAVEL_FireBaseXDrive\\vendor\\laravel\\framework\\src\\Illuminate\\Foundation\\Console\\Kernel.php(539): Illuminate\\Console\\Application->__construct(Object(Illuminate\\Foundation\\Application), Object(Illuminate\\Events\\Dispatcher), '12.35.0')
#21 C:\\AUTRES\\ALL WORKSPACE\\CODE~UNIVERSE\\VSC WORKSPACE\\PROJECTS\\GESCOM\\WEBSITE\\GESCOM_LARAVEL_FireBaseXDrive\\vendor\\laravel\\framework\\src\\Illuminate\\Foundation\\Console\\Kernel.php(197): Illuminate\\Foundation\\Console\\Kernel->getArtisan()
#22 C:\\AUTRES\\ALL WORKSPACE\\CODE~UNIVERSE\\VSC WORKSPACE\\PROJECTS\\GESCOM\\WEBSITE\\GESCOM_LARAVEL_FireBaseXDrive\\vendor\\laravel\\framework\\src\\Illuminate\\Foundation\\Application.php(1235): Illuminate\\Foundation\\Console\\Kernel->handle(Object(Symfony\\Component\\Console\\Input\\ArgvInput), Object(Symfony\\Component\\Console\\Output\\ConsoleOutput))
#23 C:\\AUTRES\\ALL WORKSPACE\\CODE~UNIVERSE\\VSC WORKSPACE\\PROJECTS\\GESCOM\\WEBSITE\\GESCOM_LARAVEL_FireBaseXDrive\\artisan(16): Illuminate\\Foundation\\Application->handleCommand(Object(Symfony\\Component\\Console\\Input\\ArgvInput))
#24 {main}
"} 
[2025-10-23 15:50:12] local.ERROR: Given keyfile path C:\secure\firebase_credentials.json does not exist {"exception":"[object] (Google\\Cloud\\Core\\Exception\\GoogleException(code: 0): Given keyfile path C:\\secure\\firebase_credentials.json does not exist at C:\\AUTRES\\ALL WORKSPACE\\CODE~UNIVERSE\\VSC WORKSPACE\\PROJECTS\\GESCOM\\WEBSITE\\GESCOM_LARAVEL_FireBaseXDrive\\vendor\\google\\cloud-core\\src\\ClientTrait.php:130)
[stacktrace]
#0 C:\\AUTRES\\ALL WORKSPACE\\CODE~UNIVERSE\\VSC WORKSPACE\\PROJECTS\\GESCOM\\WEBSITE\\GESCOM_LARAVEL_FireBaseXDrive\\vendor\\google\\cloud-core\\src\\ClientTrait.php(96): Google\\Cloud\\Firestore\\FirestoreClient->getKeyFile(Array)
#1 C:\\AUTRES\\ALL WORKSPACE\\CODE~UNIVERSE\\VSC WORKSPACE\\PROJECTS\\GESCOM\\WEBSITE\\GESCOM_LARAVEL_FireBaseXDrive\\vendor\\google\\cloud-firestore\\src\\FirestoreClient.php(155): Google\\Cloud\\Firestore\\FirestoreClient->configureAuthentication(Array)
#2 C:\\AUTRES\\ALL WORKSPACE\\CODE~UNIVERSE\\VSC WORKSPACE\\PROJECTS\\GESCOM\\WEBSITE\\GESCOM_LARAVEL_FireBaseXDrive\\app\\Services\\Firebase\\FirestoreService.php(18): Google\\Cloud\\Firestore\\FirestoreClient->__construct(Array)
#3 [internal function]: App\\Services\\Firebase\\FirestoreService->__construct()
#4 C:\\AUTRES\\ALL WORKSPACE\\CODE~UNIVERSE\\VSC WORKSPACE\\PROJECTS\\GESCOM\\WEBSITE\\GESCOM_LARAVEL_FireBaseXDrive\\vendor\\laravel\\framework\\src\\Illuminate\\Container\\Container.php(1211): ReflectionClass->newInstanceArgs(Array)
#5 C:\\AUTRES\\ALL WORKSPACE\\CODE~UNIVERSE\\VSC WORKSPACE\\PROJECTS\\GESCOM\\WEBSITE\\GESCOM_LARAVEL_FireBaseXDrive\\vendor\\laravel\\framework\\src\\Illuminate\\Container\\Container.php(972): Illuminate\\Container\\Container->build('App\\\\Services\\\\Fi...')
#6 C:\\AUTRES\\ALL WORKSPACE\\CODE~UNIVERSE\\VSC WORKSPACE\\PROJECTS\\GESCOM\\WEBSITE\\GESCOM_LARAVEL_FireBaseXDrive\\vendor\\laravel\\framework\\src\\Illuminate\\Foundation\\Application.php(1078): Illuminate\\Container\\Container->resolve('App\\\\Services\\\\Fi...', Array, true)
#7 C:\\AUTRES\\ALL WORKSPACE\\CODE~UNIVERSE\\VSC WORKSPACE\\PROJECTS\\GESCOM\\WEBSITE\\GESCOM_LARAVEL_FireBaseXDrive\\vendor\\laravel\\framework\\src\\Illuminate\\Container\\Container.php(903): Illuminate\\Foundation\\Application->resolve('App\\\\Services\\\\Fi...', Array)
#8 C:\\AUTRES\\ALL WORKSPACE\\CODE~UNIVERSE\\VSC WORKSPACE\\PROJECTS\\GESCOM\\WEBSITE\\GESCOM_LARAVEL_FireBaseXDrive\\vendor\\laravel\\framework\\src\\Illuminate\\Foundation\\Application.php(1058): Illuminate\\Container\\Container->make('App\\\\Services\\\\Fi...', Array)
#9 C:\\AUTRES\\ALL WORKSPACE\\CODE~UNIVERSE\\VSC WORKSPACE\\PROJECTS\\GESCOM\\WEBSITE\\GESCOM_LARAVEL_FireBaseXDrive\\vendor\\laravel\\framework\\src\\Illuminate\\Container\\Container.php(1379): Illuminate\\Foundation\\Application->make('App\\\\Services\\\\Fi...')
#10 C:\\AUTRES\\ALL WORKSPACE\\CODE~UNIVERSE\\VSC WORKSPACE\\PROJECTS\\GESCOM\\WEBSITE\\GESCOM_LARAVEL_FireBaseXDrive\\vendor\\laravel\\framework\\src\\Illuminate\\Container\\Container.php(1278): Illuminate\\Container\\Container->resolveClass(Object(ReflectionParameter))
#11 C:\\AUTRES\\ALL WORKSPACE\\CODE~UNIVERSE\\VSC WORKSPACE\\PROJECTS\\GESCOM\\WEBSITE\\GESCOM_LARAVEL_FireBaseXDrive\\vendor\\laravel\\framework\\src\\Illuminate\\Container\\Container.php(1201): Illuminate\\Container\\Container->resolveDependencies(Array)
#12 C:\\AUTRES\\ALL WORKSPACE\\CODE~UNIVERSE\\VSC WORKSPACE\\PROJECTS\\GESCOM\\WEBSITE\\GESCOM_LARAVEL_FireBaseXDrive\\vendor\\laravel\\framework\\src\\Illuminate\\Container\\Container.php(972): Illuminate\\Container\\Container->build('App\\\\Console\\\\Com...')
#13 C:\\AUTRES\\ALL WORKSPACE\\CODE~UNIVERSE\\VSC WORKSPACE\\PROJECTS\\GESCOM\\WEBSITE\\GESCOM_LARAVEL_FireBaseXDrive\\vendor\\laravel\\framework\\src\\Illuminate\\Foundation\\Application.php(1078): Illuminate\\Container\\Container->resolve('App\\\\Console\\\\Com...', Array, true)
#14 C:\\AUTRES\\ALL WORKSPACE\\CODE~UNIVERSE\\VSC WORKSPACE\\PROJECTS\\GESCOM\\WEBSITE\\GESCOM_LARAVEL_FireBaseXDrive\\vendor\\laravel\\framework\\src\\Illuminate\\Container\\Container.php(903): Illuminate\\Foundation\\Application->resolve('App\\\\Console\\\\Com...', Array)
#15 C:\\AUTRES\\ALL WORKSPACE\\CODE~UNIVERSE\\VSC WORKSPACE\\PROJECTS\\GESCOM\\WEBSITE\\GESCOM_LARAVEL_FireBaseXDrive\\vendor\\laravel\\framework\\src\\Illuminate\\Foundation\\Application.php(1058): Illuminate\\Container\\Container->make('App\\\\Console\\\\Com...', Array)
#16 C:\\AUTRES\\ALL WORKSPACE\\CODE~UNIVERSE\\VSC WORKSPACE\\PROJECTS\\GESCOM\\WEBSITE\\GESCOM_LARAVEL_FireBaseXDrive\\vendor\\laravel\\framework\\src\\Illuminate\\Console\\Application.php(279): Illuminate\\Foundation\\Application->make('App\\\\Console\\\\Com...')
#17 C:\\AUTRES\\ALL WORKSPACE\\CODE~UNIVERSE\\VSC WORKSPACE\\PROJECTS\\GESCOM\\WEBSITE\\GESCOM_LARAVEL_FireBaseXDrive\\vendor\\laravel\\framework\\src\\Illuminate\\Foundation\\Console\\Kernel.php(375): Illuminate\\Console\\Application->resolve('App\\\\Console\\\\Com...')
#18 C:\\AUTRES\\ALL WORKSPACE\\CODE~UNIVERSE\\VSC WORKSPACE\\PROJECTS\\GESCOM\\WEBSITE\\GESCOM_LARAVEL_FireBaseXDrive\\vendor\\laravel\\framework\\src\\Illuminate\\Console\\Application.php(133): Illuminate\\Foundation\\Console\\Kernel->Illuminate\\Foundation\\Console\\{closure}(Object(Illuminate\\Console\\Application))
#19 C:\\AUTRES\\ALL WORKSPACE\\CODE~UNIVERSE\\VSC WORKSPACE\\PROJECTS\\GESCOM\\WEBSITE\\GESCOM_LARAVEL_FireBaseXDrive\\vendor\\laravel\\framework\\src\\Illuminate\\Console\\Application.php(80): Illuminate\\Console\\Application->bootstrap()
#20 C:\\AUTRES\\ALL WORKSPACE\\CODE~UNIVERSE\\VSC WORKSPACE\\PROJECTS\\GESCOM\\WEBSITE\\GESCOM_LARAVEL_FireBaseXDrive\\vendor\\laravel\\framework\\src\\Illuminate\\Foundation\\Console\\Kernel.php(539): Illuminate\\Console\\Application->__construct(Object(Illuminate\\Foundation\\Application), Object(Illuminate\\Events\\Dispatcher), '12.35.0')
#21 C:\\AUTRES\\ALL WORKSPACE\\CODE~UNIVERSE\\VSC WORKSPACE\\PROJECTS\\GESCOM\\WEBSITE\\GESCOM_LARAVEL_FireBaseXDrive\\vendor\\laravel\\framework\\src\\Illuminate\\Foundation\\Console\\Kernel.php(197): Illuminate\\Foundation\\Console\\Kernel->getArtisan()
#22 C:\\AUTRES\\ALL WORKSPACE\\CODE~UNIVERSE\\VSC WORKSPACE\\PROJECTS\\GESCOM\\WEBSITE\\GESCOM_LARAVEL_FireBaseXDrive\\vendor\\laravel\\framework\\src\\Illuminate\\Foundation\\Application.php(1235): Illuminate\\Foundation\\Console\\Kernel->handle(Object(Symfony\\Component\\Console\\Input\\ArgvInput), Object(Symfony\\Component\\Console\\Output\\ConsoleOutput))
#23 C:\\AUTRES\\ALL WORKSPACE\\CODE~UNIVERSE\\VSC WORKSPACE\\PROJECTS\\GESCOM\\WEBSITE\\GESCOM_LARAVEL_FireBaseXDrive\\artisan(16): Illuminate\\Foundation\\Application->handleCommand(Object(Symfony\\Component\\Console\\Input\\ArgvInput))
#24 {main}
"} 
